system:index,area,band,class,class_name,.geo
0_0_0,0.05997663812255859,classification_1985,0,Non Observed,"{""type"":""MultiPoint"",""coordinates"":[]}"
0_0_1,27220.817292991465,classification_1985,3,Forest Formation,"{""type"":""MultiPoint"",""coordinates"":[]}"
0_0_2,550.7355719019121,classification_1985,4,Savanna Formation,"{""type"":""MultiPoint"",""coordinates"":[]}"
0_0_3,5.775920266235277,classification_1985,5,Magrove,"{""type"":""MultiPoint"",""coordinates"":[]}"
0_0_4,493.7654599491445,classification_1985,9,Forest Plantation,"{""type"":""MultiPoint"",""coordinates"":[]}"
0_0_5,467.4966369761459,classification_1985,11,Wetland,"{""type"":""MultiPoint"",""coordinates"":[]}"
0_0_6,230.98121956006162,classification_1985,12,"Grassland (Pastizal, Formación Herbácea)","{""type"":""MultiPoint"",""coordinates"":[]}"
0_0_7,4.369364849487296,classification_1985,13,Other Non Forest Natural Formation,"{""type"":""MultiPoint"",""coordinates"":[]}"
0_0_8,42892.714059195394,classification_1985,15,Pasture,"{""type"":""MultiPoint"",""coordinates"":[]}"
0_0_9,0.005912499572753907,classification_1985,20,Sugar Cane,"{""type"":""MultiPoint"",""coordinates"":[]}"
0_0_10,11769.842906033859,classification_1985,21,Mosaic of Agriculture and Pasture,"{""type"":""MultiPoint"",""coordinates"":[]}"
0_0_11,31.056648423224132,classification_1985,23,Beach and Dune,"{""type"":""MultiPoint"",""coordinates"":[]}"
0_0_12,165.4169706243886,classification_1985,24,Urban Infrastructure,"{""type"":""MultiPoint"",""coordinates"":[]}"
0_0_13,267.987737790965,classification_1985,25,Other Non Vegetated Area,"{""type"":""MultiPoint"",""coordinates"":[]}"
0_0_14,1024.2712605722047,classification_1985,29,Rocky outcrop,"{""type"":""MultiPoint"",""coordinates"":[]}"
0_0_15,59.76866709686252,classification_1985,30,Mining,"{""type"":""MultiPoint"",""coordinates"":[]}"
0_0_16,0.5179889142456049,classification_1985,32,Salt flat,"{""type"":""MultiPoint"",""coordinates"":[]}"
0_0_17,736.5660521048692,classification_1985,33,"River, Lake and Ocean","{""type"":""MultiPoint"",""coordinates"":[]}"
0_0_18,89.64287357360944,classification_1985,41,Mosaic of Crops,"{""type"":""MultiPoint"",""coordinates"":[]}"
0_0_19,514.0785520275821,classification_1985,46,Coffe,"{""type"":""MultiPoint"",""coordinates"":[]}"
0_0_20,0.06661017608642576,classification_1985,47,Citrus,"{""type"":""MultiPoint"",""coordinates"":[]}"
0_0_21,1.0608333526611329,classification_1985,48,Other Perennial Crops,"{""type"":""MultiPoint"",""coordinates"":[]}"
0_0_22,86.905287953798,classification_1985,49,Wooded Sandbank Vegetation,"{""type"":""MultiPoint"",""coordinates"":[]}"
0_0_23,201.77560428667812,classification_1985,50,Herbaceous Sandbank Vegetation,"{""type"":""MultiPoint"",""coordinates"":[]}"
1_0_0,0.05491207452392577,classification_1986,0,Non Observed,"{""type"":""MultiPoint"",""coordinates"":[]}"
1_0_1,26501.564248952258,classification_1986,3,Forest Formation,"{""type"":""MultiPoint"",""coordinates"":[]}"
1_0_2,448.0867956552713,classification_1986,4,Savanna Formation,"{""type"":""MultiPoint"",""coordinates"":[]}"
1_0_3,5.705656279724057,classification_1986,5,Magrove,"{""type"":""MultiPoint"",""coordinates"":[]}"
1_0_4,547.0175246009301,classification_1986,9,Forest Plantation,"{""type"":""MultiPoint"",""coordinates"":[]}"
1_0_5,373.4411805100158,classification_1986,11,Wetland,"{""type"":""MultiPoint"",""coordinates"":[]}"
1_0_6,220.12446432519891,classification_1986,12,"Grassland (Pastizal, Formación Herbácea)","{""type"":""MultiPoint"",""coordinates"":[]}"
1_0_7,2.9916471336059605,classification_1986,13,Other Non Forest Natural Formation,"{""type"":""MultiPoint"",""coordinates"":[]}"
1_0_8,43519.743543431534,classification_1986,15,Pasture,"{""type"":""MultiPoint"",""coordinates"":[]}"
1_0_9,0.005912499572753907,classification_1986,20,Sugar Cane,"{""type"":""MultiPoint"",""coordinates"":[]}"
1_0_10,12119.634085719515,classification_1986,21,Mosaic of Agriculture and Pasture,"{""type"":""MultiPoint"",""coordinates"":[]}"
1_0_11,36.812111276732836,classification_1986,23,Beach and Dune,"{""type"":""MultiPoint"",""coordinates"":[]}"
1_0_12,183.11323995446668,classification_1986,24,Urban Infrastructure,"{""type"":""MultiPoint"",""coordinates"":[]}"
1_0_13,143.71252879347395,classification_1986,25,Other Non Vegetated Area,"{""type"":""MultiPoint"",""coordinates"":[]}"
1_0_14,1013.0704099244988,classification_1986,29,Rocky outcrop,"{""type"":""MultiPoint"",""coordinates"":[]}"
1_0_15,64.78970473748673,classification_1986,30,Mining,"{""type"":""MultiPoint"",""coordinates"":[]}"
1_0_16,0.5501497885131823,classification_1986,32,Salt flat,"{""type"":""MultiPoint"",""coordinates"":[]}"
1_0_17,738.2818705532267,classification_1986,33,"River, Lake and Ocean","{""type"":""MultiPoint"",""coordinates"":[]}"
1_0_18,44.07056175311269,classification_1986,41,Mosaic of Crops,"{""type"":""MultiPoint"",""coordinates"":[]}"
1_0_19,597.0101167576851,classification_1986,46,Coffe,"{""type"":""MultiPoint"",""coordinates"":[]}"
1_0_20,8.4341748046875E-4,classification_1986,47,Citrus,"{""type"":""MultiPoint"",""coordinates"":[]}"
1_0_21,1.1958940132446285,classification_1986,48,Other Perennial Crops,"{""type"":""MultiPoint"",""coordinates"":[]}"
1_0_22,78.67248927453733,classification_1986,49,Wooded Sandbank Vegetation,"{""type"":""MultiPoint"",""coordinates"":[]}"
1_0_23,176.0295163324586,classification_1986,50,Herbaceous Sandbank Vegetation,"{""type"":""MultiPoint"",""coordinates"":[]}"
2_0_0,0.06250110119628904,classification_1987,0,Non Observed,"{""type"":""MultiPoint"",""coordinates"":[]}"
2_0_1,26099.213818413347,classification_1987,3,Forest Formation,"{""type"":""MultiPoint"",""coordinates"":[]}"
2_0_2,444.9797573577856,classification_1987,4,Savanna Formation,"{""type"":""MultiPoint"",""coordinates"":[]}"
2_0_3,5.680259337280213,classification_1987,5,Magrove,"{""type"":""MultiPoint"",""coordinates"":[]}"
2_0_4,601.3644601350452,classification_1987,9,Forest Plantation,"{""type"":""MultiPoint"",""coordinates"":[]}"
2_0_5,305.3306673975298,classification_1987,11,Wetland,"{""type"":""MultiPoint"",""coordinates"":[]}"
2_0_6,214.9867031447182,classification_1987,12,"Grassland (Pastizal, Formación Herbácea)","{""type"":""MultiPoint"",""coordinates"":[]}"
2_0_7,2.557099596313481,classification_1987,13,Other Non Forest Natural Formation,"{""type"":""MultiPoint"",""coordinates"":[]}"
2_0_8,43798.1751887223,classification_1987,15,Pasture,"{""type"":""MultiPoint"",""coordinates"":[]}"
2_0_9,12342.206704321201,classification_1987,21,Mosaic of Agriculture and Pasture,"{""type"":""MultiPoint"",""coordinates"":[]}"
2_0_10,39.211202600097316,classification_1987,23,Beach and Dune,"{""type"":""MultiPoint"",""coordinates"":[]}"
2_0_11,186.75300037866128,classification_1987,24,Urban Infrastructure,"{""type"":""MultiPoint"",""coordinates"":[]}"
2_0_12,112.29000059336487,classification_1987,25,Other Non Vegetated Area,"{""type"":""MultiPoint"",""coordinates"":[]}"
2_0_13,1014.3641472692865,classification_1987,29,Rocky outcrop,"{""type"":""MultiPoint"",""coordinates"":[]}"
2_0_14,68.81334149652035,classification_1987,30,Mining,"{""type"":""MultiPoint"",""coordinates"":[]}"
2_0_15,0.5509962453002917,classification_1987,32,Salt flat,"{""type"":""MultiPoint"",""coordinates"":[]}"
2_0_16,734.3623070525907,classification_1987,33,"River, Lake and Ocean","{""type"":""MultiPoint"",""coordinates"":[]}"
2_0_17,26.2800411184082,classification_1987,41,Mosaic of Crops,"{""type"":""MultiPoint"",""coordinates"":[]}"
2_0_18,592.7568091717466,classification_1987,46,Coffe,"{""type"":""MultiPoint"",""coordinates"":[]}"
2_0_19,1.2296582997436518,classification_1987,48,Other Perennial Crops,"{""type"":""MultiPoint"",""coordinates"":[]}"
2_0_20,68.50891020849616,classification_1987,49,Wooded Sandbank Vegetation,"{""type"":""MultiPoint"",""coordinates"":[]}"
2_0_21,156.00183379834127,classification_1987,50,Herbaceous Sandbank Vegetation,"{""type"":""MultiPoint"",""coordinates"":[]}"
3_0_0,0.06420018878173826,classification_1988,0,Non Observed,"{""type"":""MultiPoint"",""coordinates"":[]}"
3_0_1,25943.804034746292,classification_1988,3,Forest Formation,"{""type"":""MultiPoint"",""coordinates"":[]}"
3_0_2,447.12956280468825,classification_1988,4,Savanna Formation,"{""type"":""MultiPoint"",""coordinates"":[]}"
3_0_3,5.537171023620568,classification_1988,5,Magrove,"{""type"":""MultiPoint"",""coordinates"":[]}"
3_0_4,775.204749149524,classification_1988,9,Forest Plantation,"{""type"":""MultiPoint"",""coordinates"":[]}"
3_0_5,280.6115867438403,classification_1988,11,Wetland,"{""type"":""MultiPoint"",""coordinates"":[]}"
3_0_6,215.47076035602103,classification_1988,12,"Grassland (Pastizal, Formación Herbácea)","{""type"":""MultiPoint"",""coordinates"":[]}"
3_0_7,3.0842093986816472,classification_1988,13,Other Non Forest Natural Formation,"{""type"":""MultiPoint"",""coordinates"":[]}"
3_0_8,44087.487228860846,classification_1988,15,Pasture,"{""type"":""MultiPoint"",""coordinates"":[]}"
3_0_9,12038.837210351168,classification_1988,21,Mosaic of Agriculture and Pasture,"{""type"":""MultiPoint"",""coordinates"":[]}"
3_0_10,38.70704351948937,classification_1988,23,Beach and Dune,"{""type"":""MultiPoint"",""coordinates"":[]}"
3_0_11,193.08989427868644,classification_1988,24,Urban Infrastructure,"{""type"":""MultiPoint"",""coordinates"":[]}"
3_0_12,95.68291796342125,classification_1988,25,Other Non Vegetated Area,"{""type"":""MultiPoint"",""coordinates"":[]}"
3_0_13,1018.2693910704928,classification_1988,29,Rocky outcrop,"{""type"":""MultiPoint"",""coordinates"":[]}"
3_0_14,72.16995435662734,classification_1988,30,Mining,"{""type"":""MultiPoint"",""coordinates"":[]}"
3_0_15,0.6204085482788063,classification_1988,32,Salt flat,"{""type"":""MultiPoint"",""coordinates"":[]}"
3_0_16,703.585708107872,classification_1988,33,"River, Lake and Ocean","{""type"":""MultiPoint"",""coordinates"":[]}"
3_0_17,23.502211933471646,classification_1988,41,Mosaic of Crops,"{""type"":""MultiPoint"",""coordinates"":[]}"
3_0_18,651.4274277709302,classification_1988,46,Coffe,"{""type"":""MultiPoint"",""coordinates"":[]}"
3_0_19,1.3761145447387695,classification_1988,48,Other Perennial Crops,"{""type"":""MultiPoint"",""coordinates"":[]}"
3_0_20,63.82959926983678,classification_1988,49,Wooded Sandbank Vegetation,"{""type"":""MultiPoint"",""coordinates"":[]}"
3_0_21,156.1880227714844,classification_1988,50,Herbaceous Sandbank Vegetation,"{""type"":""MultiPoint"",""coordinates"":[]}"
4_0_0,0.08106885766601563,classification_1989,0,Non Observed,"{""type"":""MultiPoint"",""coordinates"":[]}"
4_0_1,25537.147264710264,classification_1989,3,Forest Formation,"{""type"":""MultiPoint"",""coordinates"":[]}"
4_0_2,461.37491667506083,classification_1989,4,Savanna Formation,"{""type"":""MultiPoint"",""coordinates"":[]}"
4_0_3,4.481552228881779,classification_1989,5,Magrove,"{""type"":""MultiPoint"",""coordinates"":[]}"
4_0_4,845.5381722812479,classification_1989,9,Forest Plantation,"{""type"":""MultiPoint"",""coordinates"":[]}"
4_0_5,257.91497572217554,classification_1989,11,Wetland,"{""type"":""MultiPoint"",""coordinates"":[]}"
4_0_6,212.3174947495165,classification_1989,12,"Grassland (Pastizal, Formación Herbácea)","{""type"":""MultiPoint"",""coordinates"":[]}"
4_0_7,3.7862277468872088,classification_1989,13,Other Non Forest Natural Formation,"{""type"":""MultiPoint"",""coordinates"":[]}"
4_0_8,44366.97760006019,classification_1989,15,Pasture,"{""type"":""MultiPoint"",""coordinates"":[]}"
4_0_9,12102.287245724707,classification_1989,21,Mosaic of Agriculture and Pasture,"{""type"":""MultiPoint"",""coordinates"":[]}"
4_0_10,31.49014371529223,classification_1989,23,Beach and Dune,"{""type"":""MultiPoint"",""coordinates"":[]}"
4_0_11,201.6865974254153,classification_1989,24,Urban Infrastructure,"{""type"":""MultiPoint"",""coordinates"":[]}"
4_0_12,91.66771098170172,classification_1989,25,Other Non Vegetated Area,"{""type"":""MultiPoint"",""coordinates"":[]}"
4_0_13,1010.1514458618766,classification_1989,29,Rocky outcrop,"{""type"":""MultiPoint"",""coordinates"":[]}"
4_0_14,76.3551352589095,classification_1989,30,Mining,"{""type"":""MultiPoint"",""coordinates"":[]}"
4_0_15,0.6830493307495099,classification_1989,32,Salt flat,"{""type"":""MultiPoint"",""coordinates"":[]}"
4_0_16,702.1264100344771,classification_1989,33,"River, Lake and Ocean","{""type"":""MultiPoint"",""coordinates"":[]}"
4_0_17,20.80164982696512,classification_1989,41,Mosaic of Crops,"{""type"":""MultiPoint"",""coordinates"":[]}"
4_0_18,663.2941379984054,classification_1989,46,Coffe,"{""type"":""MultiPoint"",""coordinates"":[]}"
4_0_19,1.3844867788696282,classification_1989,48,Other Perennial Crops,"{""type"":""MultiPoint"",""coordinates"":[]}"
4_0_20,60.719211812805554,classification_1989,49,Wooded Sandbank Vegetation,"{""type"":""MultiPoint"",""coordinates"":[]}"
4_0_21,163.41290997680542,classification_1989,50,Herbaceous Sandbank Vegetation,"{""type"":""MultiPoint"",""coordinates"":[]}"
5_0_0,0.091190939453125,classification_1990,0,Non Observed,"{""type"":""MultiPoint"",""coordinates"":[]}"
5_0_1,25368.87984015908,classification_1990,3,Forest Formation,"{""type"":""MultiPoint"",""coordinates"":[]}"
5_0_2,454.6026830572654,classification_1990,4,Savanna Formation,"{""type"":""MultiPoint"",""coordinates"":[]}"
5_0_3,4.346947214721606,classification_1990,5,Magrove,"{""type"":""MultiPoint"",""coordinates"":[]}"
5_0_4,860.349758701055,classification_1990,9,Forest Plantation,"{""type"":""MultiPoint"",""coordinates"":[]}"
5_0_5,230.9869572258936,classification_1990,11,Wetland,"{""type"":""MultiPoint"",""coordinates"":[]}"
5_0_6,212.27216052032819,classification_1990,12,"Grassland (Pastizal, Formación Herbácea)","{""type"":""MultiPoint"",""coordinates"":[]}"
5_0_7,3.934759481872567,classification_1990,13,Other Non Forest Natural Formation,"{""type"":""MultiPoint"",""coordinates"":[]}"
5_0_8,44689.14359766255,classification_1990,15,Pasture,"{""type"":""MultiPoint"",""coordinates"":[]}"
5_0_9,11979.08646670705,classification_1990,21,Mosaic of Agriculture and Pasture,"{""type"":""MultiPoint"",""coordinates"":[]}"
5_0_10,24.280689739584417,classification_1990,23,Beach and Dune,"{""type"":""MultiPoint"",""coordinates"":[]}"
5_0_11,207.56618017260755,classification_1990,24,Urban Infrastructure,"{""type"":""MultiPoint"",""coordinates"":[]}"
5_0_12,91.88894129566656,classification_1990,25,Other Non Vegetated Area,"{""type"":""MultiPoint"",""coordinates"":[]}"
5_0_13,1010.2355106220675,classification_1990,29,Rocky outcrop,"{""type"":""MultiPoint"",""coordinates"":[]}"
5_0_14,78.46157165484411,classification_1990,30,Mining,"{""type"":""MultiPoint"",""coordinates"":[]}"
5_0_15,0.6745900859985322,classification_1990,32,Salt flat,"{""type"":""MultiPoint"",""coordinates"":[]}"
5_0_16,693.8525983020562,classification_1990,33,"River, Lake and Ocean","{""type"":""MultiPoint"",""coordinates"":[]}"
5_0_17,21.634955347473035,classification_1990,41,Mosaic of Crops,"{""type"":""MultiPoint"",""coordinates"":[]}"
5_0_18,654.2477808220787,classification_1990,46,Coffe,"{""type"":""MultiPoint"",""coordinates"":[]}"
5_0_19,1.4216109763793938,classification_1990,48,Other Perennial Crops,"{""type"":""MultiPoint"",""coordinates"":[]}"
5_0_20,59.90210613952713,classification_1990,49,Wooded Sandbank Vegetation,"{""type"":""MultiPoint"",""coordinates"":[]}"
5_0_21,167.81851093163596,classification_1990,50,Herbaceous Sandbank Vegetation,"{""type"":""MultiPoint"",""coordinates"":[]}"
6_0_0,0.06841332531738278,classification_1991,0,Non Observed,"{""type"":""MultiPoint"",""coordinates"":[]}"
6_0_1,25045.0807197051,classification_1991,3,Forest Formation,"{""type"":""MultiPoint"",""coordinates"":[]}"
6_0_2,445.87143834479957,classification_1991,4,Savanna Formation,"{""type"":""MultiPoint"",""coordinates"":[]}"
6_0_3,5.285714382934553,classification_1991,5,Magrove,"{""type"":""MultiPoint"",""coordinates"":[]}"
6_0_4,1037.3587255129405,classification_1991,9,Forest Plantation,"{""type"":""MultiPoint"",""coordinates"":[]}"
6_0_5,229.54300794318112,classification_1991,11,Wetland,"{""type"":""MultiPoint"",""coordinates"":[]}"
6_0_6,214.08602970154152,classification_1991,12,"Grassland (Pastizal, Formación Herbácea)","{""type"":""MultiPoint"",""coordinates"":[]}"
6_0_7,3.5751844459228566,classification_1991,13,Other Non Forest Natural Formation,"{""type"":""MultiPoint"",""coordinates"":[]}"
6_0_8,44962.59709707406,classification_1991,15,Pasture,"{""type"":""MultiPoint"",""coordinates"":[]}"
6_0_9,11847.710490361484,classification_1991,21,Mosaic of Agriculture and Pasture,"{""type"":""MultiPoint"",""coordinates"":[]}"
6_0_10,22.067137504666416,classification_1991,23,Beach and Dune,"{""type"":""MultiPoint"",""coordinates"":[]}"
6_0_11,215.98853891748013,classification_1991,24,Urban Infrastructure,"{""type"":""MultiPoint"",""coordinates"":[]}"
6_0_12,83.76874865005321,classification_1991,25,Other Non Vegetated Area,"{""type"":""MultiPoint"",""coordinates"":[]}"
6_0_13,1003.6856858980058,classification_1991,29,Rocky outcrop,"{""type"":""MultiPoint"",""coordinates"":[]}"
6_0_14,79.59730768524025,classification_1991,30,Mining,"{""type"":""MultiPoint"",""coordinates"":[]}"
6_0_15,0.6271897962036118,classification_1991,32,Salt flat,"{""type"":""MultiPoint"",""coordinates"":[]}"
6_0_16,726.7563979170246,classification_1991,33,"River, Lake and Ocean","{""type"":""MultiPoint"",""coordinates"":[]}"
6_0_17,24.777062307190153,classification_1991,41,Mosaic of Crops,"{""type"":""MultiPoint"",""coordinates"":[]}"
6_0_18,639.821477694029,classification_1991,46,Coffe,"{""type"":""MultiPoint"",""coordinates"":[]}"
6_0_19,1.390438275878906,classification_1991,48,Other Perennial Crops,"{""type"":""MultiPoint"",""coordinates"":[]}"
6_0_20,57.697764080139386,classification_1991,49,Wooded Sandbank Vegetation,"{""type"":""MultiPoint"",""coordinates"":[]}"
6_0_21,168.32483823742174,classification_1991,50,Herbaceous Sandbank Vegetation,"{""type"":""MultiPoint"",""coordinates"":[]}"
7_0_0,0.0836433642578125,classification_1992,0,Non Observed,"{""type"":""MultiPoint"",""coordinates"":[]}"
7_0_1,24970.998782183928,classification_1992,3,Forest Formation,"{""type"":""MultiPoint"",""coordinates"":[]}"
7_0_2,437.7585054704667,classification_1992,4,Savanna Formation,"{""type"":""MultiPoint"",""coordinates"":[]}"
7_0_3,6.2642874354858105,classification_1992,5,Magrove,"{""type"":""MultiPoint"",""coordinates"":[]}"
7_0_4,1109.5070395765356,classification_1992,9,Forest Plantation,"{""type"":""MultiPoint"",""coordinates"":[]}"
7_0_5,231.95979345051333,classification_1992,11,Wetland,"{""type"":""MultiPoint"",""coordinates"":[]}"
7_0_6,216.13505045227404,classification_1992,12,"Grassland (Pastizal, Formación Herbácea)","{""type"":""MultiPoint"",""coordinates"":[]}"
7_0_7,2.7052143532104473,classification_1992,13,Other Non Forest Natural Formation,"{""type"":""MultiPoint"",""coordinates"":[]}"
7_0_8,44954.61133480442,classification_1992,15,Pasture,"{""type"":""MultiPoint"",""coordinates"":[]}"
7_0_9,11847.793687074567,classification_1992,21,Mosaic of Agriculture and Pasture,"{""type"":""MultiPoint"",""coordinates"":[]}"
7_0_10,23.613714176682905,classification_1992,23,Beach and Dune,"{""type"":""MultiPoint"",""coordinates"":[]}"
7_0_11,222.3626756844496,classification_1992,24,Urban Infrastructure,"{""type"":""MultiPoint"",""coordinates"":[]}"
7_0_12,72.89942950553551,classification_1992,25,Other Non Vegetated Area,"{""type"":""MultiPoint"",""coordinates"":[]}"
7_0_13,999.1481165935033,classification_1992,29,Rocky outcrop,"{""type"":""MultiPoint"",""coordinates"":[]}"
7_0_14,81.32355099175888,classification_1992,30,Mining,"{""type"":""MultiPoint"",""coordinates"":[]}"
7_0_15,0.5874041032104473,classification_1992,32,Salt flat,"{""type"":""MultiPoint"",""coordinates"":[]}"
7_0_16,743.7515946488612,classification_1992,33,"River, Lake and Ocean","{""type"":""MultiPoint"",""coordinates"":[]}"
7_0_17,24.830471875488602,classification_1992,41,Mosaic of Crops,"{""type"":""MultiPoint"",""coordinates"":[]}"
7_0_18,641.6756732654394,classification_1992,46,Coffe,"{""type"":""MultiPoint"",""coordinates"":[]}"
7_0_19,1.393090910644532,classification_1992,48,Other Perennial Crops,"{""type"":""MultiPoint"",""coordinates"":[]}"
7_0_20,59.550086436584735,classification_1992,49,Wooded Sandbank Vegetation,"{""type"":""MultiPoint"",""coordinates"":[]}"
7_0_21,166.72626140288858,classification_1992,50,Herbaceous Sandbank Vegetation,"{""type"":""MultiPoint"",""coordinates"":[]}"
8_0_0,0.10305274426269531,classification_1993,0,Non Observed,"{""type"":""MultiPoint"",""coordinates"":[]}"
8_0_1,24955.510284134438,classification_1993,3,Forest Formation,"{""type"":""MultiPoint"",""coordinates"":[]}"
8_0_2,436.1394669091894,classification_1993,4,Savanna Formation,"{""type"":""MultiPoint"",""coordinates"":[]}"
8_0_3,6.530938502319322,classification_1993,5,Magrove,"{""type"":""MultiPoint"",""coordinates"":[]}"
8_0_4,1118.2121219762678,classification_1993,9,Forest Plantation,"{""type"":""MultiPoint"",""coordinates"":[]}"
8_0_5,242.97648002637627,classification_1993,11,Wetland,"{""type"":""MultiPoint"",""coordinates"":[]}"
8_0_6,221.65207591498176,classification_1993,12,"Grassland (Pastizal, Formación Herbácea)","{""type"":""MultiPoint"",""coordinates"":[]}"
8_0_7,1.8261930708007834,classification_1993,13,Other Non Forest Natural Formation,"{""type"":""MultiPoint"",""coordinates"":[]}"
8_0_8,45059.25668271463,classification_1993,15,Pasture,"{""type"":""MultiPoint"",""coordinates"":[]}"
8_0_9,11731.15117974693,classification_1993,21,Mosaic of Agriculture and Pasture,"{""type"":""MultiPoint"",""coordinates"":[]}"
8_0_10,27.062352741441245,classification_1993,23,Beach and Dune,"{""type"":""MultiPoint"",""coordinates"":[]}"
8_0_11,237.53785227887107,classification_1993,24,Urban Infrastructure,"{""type"":""MultiPoint"",""coordinates"":[]}"
8_0_12,67.005497152081,classification_1993,25,Other Non Vegetated Area,"{""type"":""MultiPoint"",""coordinates"":[]}"
8_0_13,995.1617422716014,classification_1993,29,Rocky outcrop,"{""type"":""MultiPoint"",""coordinates"":[]}"
8_0_14,83.69249249072138,classification_1993,30,Mining,"{""type"":""MultiPoint"",""coordinates"":[]}"
8_0_15,0.5747064039306625,classification_1993,32,Salt flat,"{""type"":""MultiPoint"",""coordinates"":[]}"
8_0_16,727.430951914119,classification_1993,33,"River, Lake and Ocean","{""type"":""MultiPoint"",""coordinates"":[]}"
8_0_17,27.219813751770552,classification_1993,41,Mosaic of Crops,"{""type"":""MultiPoint"",""coordinates"":[]}"
8_0_18,645.4154068181706,classification_1993,46,Coffe,"{""type"":""MultiPoint"",""coordinates"":[]}"
8_0_19,1.4033292752075197,classification_1993,48,Other Perennial Crops,"{""type"":""MultiPoint"",""coordinates"":[]}"
8_0_20,61.52525426336688,classification_1993,49,Wooded Sandbank Vegetation,"{""type"":""MultiPoint"",""coordinates"":[]}"
8_0_21,168.29153265905376,classification_1993,50,Herbaceous Sandbank Vegetation,"{""type"":""MultiPoint"",""coordinates"":[]}"
9_0_0,0.09629834674072264,classification_1994,0,Non Observed,"{""type"":""MultiPoint"",""coordinates"":[]}"
9_0_1,24917.37743739605,classification_1994,3,Forest Formation,"{""type"":""MultiPoint"",""coordinates"":[]}"
9_0_2,429.78994862482415,classification_1994,4,Savanna Formation,"{""type"":""MultiPoint"",""coordinates"":[]}"
9_0_3,6.812811577819897,classification_1994,5,Magrove,"{""type"":""MultiPoint"",""coordinates"":[]}"
9_0_4,1191.6557958359533,classification_1994,9,Forest Plantation,"{""type"":""MultiPoint"",""coordinates"":[]}"
9_0_5,259.76264753974544,classification_1994,11,Wetland,"{""type"":""MultiPoint"",""coordinates"":[]}"
9_0_6,226.0152818726834,classification_1994,12,"Grassland (Pastizal, Formación Herbácea)","{""type"":""MultiPoint"",""coordinates"":[]}"
9_0_7,0.8069751216430665,classification_1994,13,Other Non Forest Natural Formation,"{""type"":""MultiPoint"",""coordinates"":[]}"
9_0_8,44659.70014956421,classification_1994,15,Pasture,"{""type"":""MultiPoint"",""coordinates"":[]}"
9_0_9,12005.162760290443,classification_1994,21,Mosaic of Agriculture and Pasture,"{""type"":""MultiPoint"",""coordinates"":[]}"
9_0_10,34.0695196005723,classification_1994,23,Beach and Dune,"{""type"":""MultiPoint"",""coordinates"":[]}"
9_0_11,269.5870102339476,classification_1994,24,Urban Infrastructure,"{""type"":""MultiPoint"",""coordinates"":[]}"
9_0_12,62.24860567228354,classification_1994,25,Other Non Vegetated Area,"{""type"":""MultiPoint"",""coordinates"":[]}"
9_0_13,1005.6830451563685,classification_1994,29,Rocky outcrop,"{""type"":""MultiPoint"",""coordinates"":[]}"
9_0_14,85.66736614715482,classification_1994,30,Mining,"{""type"":""MultiPoint"",""coordinates"":[]}"
9_0_15,0.5763938260498032,classification_1994,32,Salt flat,"{""type"":""MultiPoint"",""coordinates"":[]}"
9_0_16,733.0834784001461,classification_1994,33,"River, Lake and Ocean","{""type"":""MultiPoint"",""coordinates"":[]}"
9_0_17,27.4628561207277,classification_1994,41,Mosaic of Crops,"{""type"":""MultiPoint"",""coordinates"":[]}"
9_0_18,669.6037589789963,classification_1994,46,Coffe,"{""type"":""MultiPoint"",""coordinates"":[]}"
9_0_19,1.4698491040649417,classification_1994,48,Other Perennial Crops,"{""type"":""MultiPoint"",""coordinates"":[]}"
9_0_20,63.52507795318612,classification_1994,49,Wooded Sandbank Vegetation,"{""type"":""MultiPoint"",""coordinates"":[]}"
9_0_21,165.52234039696964,classification_1994,50,Herbaceous Sandbank Vegetation,"{""type"":""MultiPoint"",""coordinates"":[]}"
10_0_0,0.09374888287353514,classification_1995,0,Non Observed,"{""type"":""MultiPoint"",""coordinates"":[]}"
10_0_1,24792.398842100793,classification_1995,3,Forest Formation,"{""type"":""MultiPoint"",""coordinates"":[]}"
10_0_2,415.2795751706662,classification_1995,4,Savanna Formation,"{""type"":""MultiPoint"",""coordinates"":[]}"
10_0_3,6.93469662786875,classification_1995,5,Magrove,"{""type"":""MultiPoint"",""coordinates"":[]}"
10_0_4,1206.6731675958956,classification_1995,9,Forest Plantation,"{""type"":""MultiPoint"",""coordinates"":[]}"
10_0_5,257.0530244998273,classification_1995,11,Wetland,"{""type"":""MultiPoint"",""coordinates"":[]}"
10_0_6,222.42854005585164,classification_1995,12,"Grassland (Pastizal, Formación Herbácea)","{""type"":""MultiPoint"",""coordinates"":[]}"
10_0_7,0.6955068224487309,classification_1995,13,Other Non Forest Natural Formation,"{""type"":""MultiPoint"",""coordinates"":[]}"
10_0_8,44294.99831769252,classification_1995,15,Pasture,"{""type"":""MultiPoint"",""coordinates"":[]}"
10_0_9,12468.520691050739,classification_1995,21,Mosaic of Agriculture and Pasture,"{""type"":""MultiPoint"",""coordinates"":[]}"
10_0_10,39.86251388506249,classification_1995,23,Beach and Dune,"{""type"":""MultiPoint"",""coordinates"":[]}"
10_0_11,289.9538941414209,classification_1995,24,Urban Infrastructure,"{""type"":""MultiPoint"",""coordinates"":[]}"
10_0_12,58.02154755419922,classification_1995,25,Other Non Vegetated Area,"{""type"":""MultiPoint"",""coordinates"":[]}"
10_0_13,1006.7168813634652,classification_1995,29,Rocky outcrop,"{""type"":""MultiPoint"",""coordinates"":[]}"
10_0_14,88.41429323473953,classification_1995,30,Mining,"{""type"":""MultiPoint"",""coordinates"":[]}"
10_0_15,0.5704662320556625,classification_1995,32,Salt flat,"{""type"":""MultiPoint"",""coordinates"":[]}"
10_0_16,696.6775007501569,classification_1995,33,"River, Lake and Ocean","{""type"":""MultiPoint"",""coordinates"":[]}"
10_0_17,26.407316044555913,classification_1995,41,Mosaic of Crops,"{""type"":""MultiPoint"",""coordinates"":[]}"
10_0_18,718.7470534642903,classification_1995,46,Coffe,"{""type"":""MultiPoint"",""coordinates"":[]}"
10_0_19,1.5532383071289058,classification_1995,48,Other Perennial Crops,"{""type"":""MultiPoint"",""coordinates"":[]}"
10_0_20,62.25843009094246,classification_1995,49,Wooded Sandbank Vegetation,"{""type"":""MultiPoint"",""coordinates"":[]}"
10_0_21,161.42016219219678,classification_1995,50,Herbaceous Sandbank Vegetation,"{""type"":""MultiPoint"",""coordinates"":[]}"
11_0_0,0.11150247601318361,classification_1996,0,Non Observed,"{""type"":""MultiPoint"",""coordinates"":[]}"
11_0_1,24735.980688599106,classification_1996,3,Forest Formation,"{""type"":""MultiPoint"",""coordinates"":[]}"
11_0_2,408.0200017443934,classification_1996,4,Savanna Formation,"{""type"":""MultiPoint"",""coordinates"":[]}"
11_0_3,6.976176586975174,classification_1996,5,Magrove,"{""type"":""MultiPoint"",""coordinates"":[]}"
11_0_4,1218.6499368880036,classification_1996,9,Forest Plantation,"{""type"":""MultiPoint"",""coordinates"":[]}"
11_0_5,243.43807575391122,classification_1996,11,Wetland,"{""type"":""MultiPoint"",""coordinates"":[]}"
11_0_6,221.3950259408,classification_1996,12,"Grassland (Pastizal, Formación Herbácea)","{""type"":""MultiPoint"",""coordinates"":[]}"
11_0_7,0.6372961860351566,classification_1996,13,Other Non Forest Natural Formation,"{""type"":""MultiPoint"",""coordinates"":[]}"
11_0_8,44154.73278984615,classification_1996,15,Pasture,"{""type"":""MultiPoint"",""coordinates"":[]}"
11_0_9,12618.545982751459,classification_1996,21,Mosaic of Agriculture and Pasture,"{""type"":""MultiPoint"",""coordinates"":[]}"
11_0_10,42.181813376517624,classification_1996,23,Beach and Dune,"{""type"":""MultiPoint"",""coordinates"":[]}"
11_0_11,304.80845963086637,classification_1996,24,Urban Infrastructure,"{""type"":""MultiPoint"",""coordinates"":[]}"
11_0_12,57.79328990539553,classification_1996,25,Other Non Vegetated Area,"{""type"":""MultiPoint"",""coordinates"":[]}"
11_0_13,1019.0553395576167,classification_1996,29,Rocky outcrop,"{""type"":""MultiPoint"",""coordinates"":[]}"
11_0_14,91.5298754613619,classification_1996,30,Mining,"{""type"":""MultiPoint"",""coordinates"":[]}"
11_0_15,0.5941675897827124,classification_1996,32,Salt flat,"{""type"":""MultiPoint"",""coordinates"":[]}"
11_0_16,683.9677636952866,classification_1996,33,"River, Lake and Ocean","{""type"":""MultiPoint"",""coordinates"":[]}"
11_0_17,26.114198489868393,classification_1996,41,Mosaic of Crops,"{""type"":""MultiPoint"",""coordinates"":[]}"
11_0_18,759.3845522179406,classification_1996,46,Coffe,"{""type"":""MultiPoint"",""coordinates"":[]}"
11_0_19,1.625643414550781,classification_1996,48,Other Perennial Crops,"{""type"":""MultiPoint"",""coordinates"":[]}"
11_0_20,59.77411725445569,classification_1996,49,Wooded Sandbank Vegetation,"{""type"":""MultiPoint"",""coordinates"":[]}"
11_0_21,160.36271039117315,classification_1996,50,Herbaceous Sandbank Vegetation,"{""type"":""MultiPoint"",""coordinates"":[]}"
12_0_0,0.10981462103271486,classification_1997,0,Non Observed,"{""type"":""MultiPoint"",""coordinates"":[]}"
12_0_1,24658.7915355334,classification_1997,3,Forest Formation,"{""type"":""MultiPoint"",""coordinates"":[]}"
12_0_2,398.23631384559457,classification_1997,4,Savanna Formation,"{""type"":""MultiPoint"",""coordinates"":[]}"
12_0_3,6.902527515503012,classification_1997,5,Magrove,"{""type"":""MultiPoint"",""coordinates"":[]}"
12_0_4,1217.518374913159,classification_1997,9,Forest Plantation,"{""type"":""MultiPoint"",""coordinates"":[]}"
12_0_5,235.29131102240467,classification_1997,11,Wetland,"{""type"":""MultiPoint"",""coordinates"":[]}"
12_0_6,216.8935804597813,classification_1997,12,"Grassland (Pastizal, Formación Herbácea)","{""type"":""MultiPoint"",""coordinates"":[]}"
12_0_7,0.6865069507446294,classification_1997,13,Other Non Forest Natural Formation,"{""type"":""MultiPoint"",""coordinates"":[]}"
12_0_8,44041.48720019945,classification_1997,15,Pasture,"{""type"":""MultiPoint"",""coordinates"":[]}"
12_0_9,0.03463576623535154,classification_1997,20,Sugar Cane,"{""type"":""MultiPoint"",""coordinates"":[]}"
12_0_10,12757.685583332997,classification_1997,21,Mosaic of Agriculture and Pasture,"{""type"":""MultiPoint"",""coordinates"":[]}"
12_0_11,38.06891763009495,classification_1997,23,Beach and Dune,"{""type"":""MultiPoint"",""coordinates"":[]}"
12_0_12,322.39280674628225,classification_1997,24,Urban Infrastructure,"{""type"":""MultiPoint"",""coordinates"":[]}"
12_0_13,56.699665689025885,classification_1997,25,Other Non Vegetated Area,"{""type"":""MultiPoint"",""coordinates"":[]}"
12_0_14,1025.48478169171,classification_1997,29,Rocky outcrop,"{""type"":""MultiPoint"",""coordinates"":[]}"
12_0_15,97.0782220668915,classification_1997,30,Mining,"{""type"":""MultiPoint"",""coordinates"":[]}"
12_0_16,0.6254810343627917,classification_1997,32,Salt flat,"{""type"":""MultiPoint"",""coordinates"":[]}"
12_0_17,693.0451351226192,classification_1997,33,"River, Lake and Ocean","{""type"":""MultiPoint"",""coordinates"":[]}"
12_0_18,23.627964382568635,classification_1997,41,Mosaic of Crops,"{""type"":""MultiPoint"",""coordinates"":[]}"
12_0_19,802.9039495091457,classification_1997,46,Coffe,"{""type"":""MultiPoint"",""coordinates"":[]}"
12_0_20,1.6575259991455076,classification_1997,48,Other Perennial Crops,"{""type"":""MultiPoint"",""coordinates"":[]}"
12_0_21,57.232698082763875,classification_1997,49,Wooded Sandbank Vegetation,"{""type"":""MultiPoint"",""coordinates"":[]}"
12_0_22,163.22487564202694,classification_1997,50,Herbaceous Sandbank Vegetation,"{""type"":""MultiPoint"",""coordinates"":[]}"
13_0_0,0.10218945953369138,classification_1998,0,Non Observed,"{""type"":""MultiPoint"",""coordinates"":[]}"
13_0_1,24589.650784491118,classification_1998,3,Forest Formation,"{""type"":""MultiPoint"",""coordinates"":[]}"
13_0_2,393.53375283045364,classification_1998,4,Savanna Formation,"{""type"":""MultiPoint"",""coordinates"":[]}"
13_0_3,6.4250710058593326,classification_1998,5,Magrove,"{""type"":""MultiPoint"",""coordinates"":[]}"
13_0_4,1224.7802789383686,classification_1998,9,Forest Plantation,"{""type"":""MultiPoint"",""coordinates"":[]}"
13_0_5,217.12742815020312,classification_1998,11,Wetland,"{""type"":""MultiPoint"",""coordinates"":[]}"
13_0_6,218.78196470990508,classification_1998,12,"Grassland (Pastizal, Formación Herbácea)","{""type"":""MultiPoint"",""coordinates"":[]}"
13_0_7,0.7559388190307619,classification_1998,13,Other Non Forest Natural Formation,"{""type"":""MultiPoint"",""coordinates"":[]}"
13_0_8,44175.62040728861,classification_1998,15,Pasture,"{""type"":""MultiPoint"",""coordinates"":[]}"
13_0_9,0.08447879687499998,classification_1998,20,Sugar Cane,"{""type"":""MultiPoint"",""coordinates"":[]}"
13_0_10,12663.88773141661,classification_1998,21,Mosaic of Agriculture and Pasture,"{""type"":""MultiPoint"",""coordinates"":[]}"
13_0_11,33.45891851351748,classification_1998,23,Beach and Dune,"{""type"":""MultiPoint"",""coordinates"":[]}"
13_0_12,335.1999898892867,classification_1998,24,Urban Infrastructure,"{""type"":""MultiPoint"",""coordinates"":[]}"
13_0_13,55.475165359741254,classification_1998,25,Other Non Vegetated Area,"{""type"":""MultiPoint"",""coordinates"":[]}"
13_0_14,1031.2545937852155,classification_1998,29,Rocky outcrop,"{""type"":""MultiPoint"",""coordinates"":[]}"
13_0_15,101.27895905291454,classification_1998,30,Mining,"{""type"":""MultiPoint"",""coordinates"":[]}"
13_0_16,0.6559482987670885,classification_1998,32,Salt flat,"{""type"":""MultiPoint"",""coordinates"":[]}"
13_0_17,692.4588797239351,classification_1998,33,"River, Lake and Ocean","{""type"":""MultiPoint"",""coordinates"":[]}"
13_0_18,22.38517033331326,classification_1998,41,Mosaic of Crops,"{""type"":""MultiPoint"",""coordinates"":[]}"
13_0_19,828.8034498272584,classification_1998,46,Coffe,"{""type"":""MultiPoint"",""coordinates"":[]}"
13_0_20,1.6919853904418944,classification_1998,48,Other Perennial Crops,"{""type"":""MultiPoint"",""coordinates"":[]}"
13_0_21,54.89993151873844,classification_1998,49,Wooded Sandbank Vegetation,"{""type"":""MultiPoint"",""coordinates"":[]}"
13_0_22,167.3663901582618,classification_1998,50,Herbaceous Sandbank Vegetation,"{""type"":""MultiPoint"",""coordinates"":[]}"
14_0_0,0.10300856018066408,classification_1999,0,Non Observed,"{""type"":""MultiPoint"",""coordinates"":[]}"
14_0_1,24139.745572539767,classification_1999,3,Forest Formation,"{""type"":""MultiPoint"",""coordinates"":[]}"
14_0_2,409.58542332856325,classification_1999,4,Savanna Formation,"{""type"":""MultiPoint"",""coordinates"":[]}"
14_0_3,6.586704808410706,classification_1999,5,Magrove,"{""type"":""MultiPoint"",""coordinates"":[]}"
14_0_4,1215.3949400255206,classification_1999,9,Forest Plantation,"{""type"":""MultiPoint"",""coordinates"":[]}"
14_0_5,198.35283132048474,classification_1999,11,Wetland,"{""type"":""MultiPoint"",""coordinates"":[]}"
14_0_6,223.84123188733287,classification_1999,12,"Grassland (Pastizal, Formación Herbácea)","{""type"":""MultiPoint"",""coordinates"":[]}"
14_0_7,0.873377740600586,classification_1999,13,Other Non Forest Natural Formation,"{""type"":""MultiPoint"",""coordinates"":[]}"
14_0_8,44749.861191571865,classification_1999,15,Pasture,"{""type"":""MultiPoint"",""coordinates"":[]}"
14_0_9,0.10643942913818362,classification_1999,20,Sugar Cane,"{""type"":""MultiPoint"",""coordinates"":[]}"
14_0_10,12436.582540284795,classification_1999,21,Mosaic of Agriculture and Pasture,"{""type"":""MultiPoint"",""coordinates"":[]}"
14_0_11,29.217085895536414,classification_1999,23,Beach and Dune,"{""type"":""MultiPoint"",""coordinates"":[]}"
14_0_12,353.3405280030585,classification_1999,24,Urban Infrastructure,"{""type"":""MultiPoint"",""coordinates"":[]}"
14_0_13,56.390782840759286,classification_1999,25,Other Non Vegetated Area,"{""type"":""MultiPoint"",""coordinates"":[]}"
14_0_14,1055.9419313052945,classification_1999,29,Rocky outcrop,"{""type"":""MultiPoint"",""coordinates"":[]}"
14_0_15,106.03197136132493,classification_1999,30,Mining,"{""type"":""MultiPoint"",""coordinates"":[]}"
14_0_16,0.7168918966674801,classification_1999,32,Salt flat,"{""type"":""MultiPoint"",""coordinates"":[]}"
14_0_17,698.7007641577135,classification_1999,33,"River, Lake and Ocean","{""type"":""MultiPoint"",""coordinates"":[]}"
14_0_18,22.383300860046706,classification_1999,41,Mosaic of Crops,"{""type"":""MultiPoint"",""coordinates"":[]}"
14_0_19,879.4868431800419,classification_1999,46,Coffe,"{""type"":""MultiPoint"",""coordinates"":[]}"
14_0_20,1.8125237380981445,classification_1999,48,Other Perennial Crops,"{""type"":""MultiPoint"",""coordinates"":[]}"
14_0_21,52.64753123840373,classification_1999,49,Wooded Sandbank Vegetation,"{""type"":""MultiPoint"",""coordinates"":[]}"
14_0_22,177.97599178478583,classification_1999,50,Herbaceous Sandbank Vegetation,"{""type"":""MultiPoint"",""coordinates"":[]}"
15_0_0,0.08527548681640625,classification_2000,0,Non Observed,"{""type"":""MultiPoint"",""coordinates"":[]}"
15_0_1,24036.435659801286,classification_2000,3,Forest Formation,"{""type"":""MultiPoint"",""coordinates"":[]}"
15_0_2,425.84026438557146,classification_2000,4,Savanna Formation,"{""type"":""MultiPoint"",""coordinates"":[]}"
15_0_3,6.977774601989829,classification_2000,5,Magrove,"{""type"":""MultiPoint"",""coordinates"":[]}"
15_0_4,1244.1727314667435,classification_2000,9,Forest Plantation,"{""type"":""MultiPoint"",""coordinates"":[]}"
15_0_5,193.3033776891396,classification_2000,11,Wetland,"{""type"":""MultiPoint"",""coordinates"":[]}"
15_0_6,228.77466972925066,classification_2000,12,"Grassland (Pastizal, Formación Herbácea)","{""type"":""MultiPoint"",""coordinates"":[]}"
15_0_7,0.7353577463989259,classification_2000,13,Other Non Forest Natural Formation,"{""type"":""MultiPoint"",""coordinates"":[]}"
15_0_8,45405.40204138184,classification_2000,15,Pasture,"{""type"":""MultiPoint"",""coordinates"":[]}"
15_0_9,0.10306036120605472,classification_2000,20,Sugar Cane,"{""type"":""MultiPoint"",""coordinates"":[]}"
15_0_10,11767.319320508974,classification_2000,21,Mosaic of Agriculture and Pasture,"{""type"":""MultiPoint"",""coordinates"":[]}"
15_0_11,21.066273353666297,classification_2000,23,Beach and Dune,"{""type"":""MultiPoint"",""coordinates"":[]}"
15_0_12,364.06224148456494,classification_2000,24,Urban Infrastructure,"{""type"":""MultiPoint"",""coordinates"":[]}"
15_0_13,54.2493302333374,classification_2000,25,Other Non Vegetated Area,"{""type"":""MultiPoint"",""coordinates"":[]}"
15_0_14,1061.9998256649778,classification_2000,29,Rocky outcrop,"{""type"":""MultiPoint"",""coordinates"":[]}"
15_0_15,108.10024488000153,classification_2000,30,Mining,"{""type"":""MultiPoint"",""coordinates"":[]}"
15_0_16,0.6965777689208977,classification_2000,32,Salt flat,"{""type"":""MultiPoint"",""coordinates"":[]}"
15_0_17,647.2218697731878,classification_2000,33,"River, Lake and Ocean","{""type"":""MultiPoint"",""coordinates"":[]}"
15_0_18,23.235536698974823,classification_2000,41,Mosaic of Crops,"{""type"":""MultiPoint"",""coordinates"":[]}"
15_0_19,985.8692201508032,classification_2000,46,Coffe,"{""type"":""MultiPoint"",""coordinates"":[]}"
15_0_20,2.0964422180786126,classification_2000,48,Other Perennial Crops,"{""type"":""MultiPoint"",""coordinates"":[]}"
15_0_21,51.81049615033017,classification_2000,49,Wooded Sandbank Vegetation,"{""type"":""MultiPoint"",""coordinates"":[]}"
15_0_22,186.1218162226496,classification_2000,50,Herbaceous Sandbank Vegetation,"{""type"":""MultiPoint"",""coordinates"":[]}"
16_0_0,0.09878771203613282,classification_2001,0,Non Observed,"{""type"":""MultiPoint"",""coordinates"":[]}"
16_0_1,23942.68567806491,classification_2001,3,Forest Formation,"{""type"":""MultiPoint"",""coordinates"":[]}"
16_0_2,443.05467422175485,classification_2001,4,Savanna Formation,"{""type"":""MultiPoint"",""coordinates"":[]}"
16_0_3,7.129293970031793,classification_2001,5,Magrove,"{""type"":""MultiPoint"",""coordinates"":[]}"
16_0_4,1259.2718764305448,classification_2001,9,Forest Plantation,"{""type"":""MultiPoint"",""coordinates"":[]}"
16_0_5,185.40393094207207,classification_2001,11,Wetland,"{""type"":""MultiPoint"",""coordinates"":[]}"
16_0_6,232.94947882476845,classification_2001,12,"Grassland (Pastizal, Formación Herbácea)","{""type"":""MultiPoint"",""coordinates"":[]}"
16_0_7,0.7159555654296879,classification_2001,13,Other Non Forest Natural Formation,"{""type"":""MultiPoint"",""coordinates"":[]}"
16_0_8,45385.46720815651,classification_2001,15,Pasture,"{""type"":""MultiPoint"",""coordinates"":[]}"
16_0_9,0.021960632263183597,classification_2001,20,Sugar Cane,"{""type"":""MultiPoint"",""coordinates"":[]}"
16_0_10,11812.535505574995,classification_2001,21,Mosaic of Agriculture and Pasture,"{""type"":""MultiPoint"",""coordinates"":[]}"
16_0_11,19.510523060023292,classification_2001,23,Beach and Dune,"{""type"":""MultiPoint"",""coordinates"":[]}"
16_0_12,373.6638298104278,classification_2001,24,Urban Infrastructure,"{""type"":""MultiPoint"",""coordinates"":[]}"
16_0_13,57.37960667267133,classification_2001,25,Other Non Vegetated Area,"{""type"":""MultiPoint"",""coordinates"":[]}"
16_0_14,1065.136882981199,classification_2001,29,Rocky outcrop,"{""type"":""MultiPoint"",""coordinates"":[]}"
16_0_15,110.63086637487598,classification_2001,30,Mining,"{""type"":""MultiPoint"",""coordinates"":[]}"
16_0_16,0.6322452969360344,classification_2001,32,Salt flat,"{""type"":""MultiPoint"",""coordinates"":[]}"
16_0_17,633.2132426166328,classification_2001,33,"River, Lake and Ocean","{""type"":""MultiPoint"",""coordinates"":[]}"
16_0_18,0.05597400543212891,classification_2001,39,Soy Beans,"{""type"":""MultiPoint"",""coordinates"":[]}"
16_0_19,22.9810518188478,classification_2001,41,Mosaic of Crops,"{""type"":""MultiPoint"",""coordinates"":[]}"
16_0_20,1020.9174524000676,classification_2001,46,Coffe,"{""type"":""MultiPoint"",""coordinates"":[]}"
16_0_21,2.115186084228516,classification_2001,48,Other Perennial Crops,"{""type"":""MultiPoint"",""coordinates"":[]}"
16_0_22,51.0468565430913,classification_2001,49,Wooded Sandbank Vegetation,"{""type"":""MultiPoint"",""coordinates"":[]}"
16_0_23,189.0613399995048,classification_2001,50,Herbaceous Sandbank Vegetation,"{""type"":""MultiPoint"",""coordinates"":[]}"
17_0_0,0.10470264196777343,classification_2002,0,Non Observed,"{""type"":""MultiPoint"",""coordinates"":[]}"
17_0_1,23899.88760240525,classification_2002,3,Forest Formation,"{""type"":""MultiPoint"",""coordinates"":[]}"
17_0_2,449.72786128016145,classification_2002,4,Savanna Formation,"{""type"":""MultiPoint"",""coordinates"":[]}"
17_0_3,7.274885940979043,classification_2002,5,Magrove,"{""type"":""MultiPoint"",""coordinates"":[]}"
17_0_4,1287.1441757900454,classification_2002,9,Forest Plantation,"{""type"":""MultiPoint"",""coordinates"":[]}"
17_0_5,186.61811552886266,classification_2002,11,Wetland,"{""type"":""MultiPoint"",""coordinates"":[]}"
17_0_6,234.00524412518297,classification_2002,12,"Grassland (Pastizal, Formación Herbácea)","{""type"":""MultiPoint"",""coordinates"":[]}"
17_0_7,0.765910651000977,classification_2002,13,Other Non Forest Natural Formation,"{""type"":""MultiPoint"",""coordinates"":[]}"
17_0_8,45510.142716659386,classification_2002,15,Pasture,"{""type"":""MultiPoint"",""coordinates"":[]}"
17_0_9,11659.022918677227,classification_2002,21,Mosaic of Agriculture and Pasture,"{""type"":""MultiPoint"",""coordinates"":[]}"
17_0_10,20.547751223613307,classification_2002,23,Beach and Dune,"{""type"":""MultiPoint"",""coordinates"":[]}"
17_0_11,380.18354223529315,classification_2002,24,Urban Infrastructure,"{""type"":""MultiPoint"",""coordinates"":[]}"
17_0_12,57.17952799736259,classification_2002,25,Other Non Vegetated Area,"{""type"":""MultiPoint"",""coordinates"":[]}"
17_0_13,1063.7429017048312,classification_2002,29,Rocky outcrop,"{""type"":""MultiPoint"",""coordinates"":[]}"
17_0_14,113.03196956024217,classification_2002,30,Mining,"{""type"":""MultiPoint"",""coordinates"":[]}"
17_0_15,0.6093937514648431,classification_2002,32,Salt flat,"{""type"":""MultiPoint"",""coordinates"":[]}"
17_0_16,660.970728659663,classification_2002,33,"River, Lake and Ocean","{""type"":""MultiPoint"",""coordinates"":[]}"
17_0_17,0.1253339888305664,classification_2002,39,Soy Beans,"{""type"":""MultiPoint"",""coordinates"":[]}"
17_0_18,23.795714642944407,classification_2002,41,Mosaic of Crops,"{""type"":""MultiPoint"",""coordinates"":[]}"
17_0_19,1025.9795545995926,classification_2002,46,Coffe,"{""type"":""MultiPoint"",""coordinates"":[]}"
17_0_20,2.1110215186767585,classification_2002,48,Other Perennial Crops,"{""type"":""MultiPoint"",""coordinates"":[]}"
17_0_21,51.05317779492234,classification_2002,49,Wooded Sandbank Vegetation,"{""type"":""MultiPoint"",""coordinates"":[]}"
17_0_22,181.65465638225714,classification_2002,50,Herbaceous Sandbank Vegetation,"{""type"":""MultiPoint"",""coordinates"":[]}"
18_0_0,0.09967707855224611,classification_2003,0,Non Observed,"{""type"":""MultiPoint"",""coordinates"":[]}"
18_0_1,23890.63930634881,classification_2003,3,Forest Formation,"{""type"":""MultiPoint"",""coordinates"":[]}"
18_0_2,456.48694106391747,classification_2003,4,Savanna Formation,"{""type"":""MultiPoint"",""coordinates"":[]}"
18_0_3,7.318905295105006,classification_2003,5,Magrove,"{""type"":""MultiPoint"",""coordinates"":[]}"
18_0_4,1322.983332755677,classification_2003,9,Forest Plantation,"{""type"":""MultiPoint"",""coordinates"":[]}"
18_0_5,208.34743950286955,classification_2003,11,Wetland,"{""type"":""MultiPoint"",""coordinates"":[]}"
18_0_6,231.17015688629218,classification_2003,12,"Grassland (Pastizal, Formación Herbácea)","{""type"":""MultiPoint"",""coordinates"":[]}"
18_0_7,0.7634102090454106,classification_2003,13,Other Non Forest Natural Formation,"{""type"":""MultiPoint"",""coordinates"":[]}"
18_0_8,45663.082793286034,classification_2003,15,Pasture,"{""type"":""MultiPoint"",""coordinates"":[]}"
18_0_9,11491.889283088643,classification_2003,21,Mosaic of Agriculture and Pasture,"{""type"":""MultiPoint"",""coordinates"":[]}"
18_0_10,24.034625718640676,classification_2003,23,Beach and Dune,"{""type"":""MultiPoint"",""coordinates"":[]}"
18_0_11,387.02673408642596,classification_2003,24,Urban Infrastructure,"{""type"":""MultiPoint"",""coordinates"":[]}"
18_0_12,52.11504559938103,classification_2003,25,Other Non Vegetated Area,"{""type"":""MultiPoint"",""coordinates"":[]}"
18_0_13,1042.2658328071907,classification_2003,29,Rocky outcrop,"{""type"":""MultiPoint"",""coordinates"":[]}"
18_0_14,116.97966581786648,classification_2003,30,Mining,"{""type"":""MultiPoint"",""coordinates"":[]}"
18_0_15,0.5882274624023432,classification_2003,32,Salt flat,"{""type"":""MultiPoint"",""coordinates"":[]}"
18_0_16,678.4294291661331,classification_2003,33,"River, Lake and Ocean","{""type"":""MultiPoint"",""coordinates"":[]}"
18_0_17,0.08718795379638672,classification_2003,39,Soy Beans,"{""type"":""MultiPoint"",""coordinates"":[]}"
18_0_18,23.970604151123126,classification_2003,41,Mosaic of Crops,"{""type"":""MultiPoint"",""coordinates"":[]}"
18_0_19,987.9264838088836,classification_2003,46,Coffe,"{""type"":""MultiPoint"",""coordinates"":[]}"
18_0_20,1.9525045390014641,classification_2003,48,Other Perennial Crops,"{""type"":""MultiPoint"",""coordinates"":[]}"
18_0_21,52.78605282165586,classification_2003,49,Wooded Sandbank Vegetation,"{""type"":""MultiPoint"",""coordinates"":[]}"
18_0_22,174.73576831194563,classification_2003,50,Herbaceous Sandbank Vegetation,"{""type"":""MultiPoint"",""coordinates"":[]}"
19_0_0,0.1174195593261719,classification_2004,0,Non Observed,"{""type"":""MultiPoint"",""coordinates"":[]}"
19_0_1,23843.67723730619,classification_2004,3,Forest Formation,"{""type"":""MultiPoint"",""coordinates"":[]}"
19_0_2,464.1757110440231,classification_2004,4,Savanna Formation,"{""type"":""MultiPoint"",""coordinates"":[]}"
19_0_3,7.458569046264644,classification_2004,5,Magrove,"{""type"":""MultiPoint"",""coordinates"":[]}"
19_0_4,1402.9382927479749,classification_2004,9,Forest Plantation,"{""type"":""MultiPoint"",""coordinates"":[]}"
19_0_5,242.12524636853962,classification_2004,11,Wetland,"{""type"":""MultiPoint"",""coordinates"":[]}"
19_0_6,232.16825067004586,classification_2004,12,"Grassland (Pastizal, Formación Herbácea)","{""type"":""MultiPoint"",""coordinates"":[]}"
19_0_7,0.8682187101440435,classification_2004,13,Other Non Forest Natural Formation,"{""type"":""MultiPoint"",""coordinates"":[]}"
19_0_8,45284.19371857014,classification_2004,15,Pasture,"{""type"":""MultiPoint"",""coordinates"":[]}"
19_0_9,0.005914289672851562,classification_2004,20,Sugar Cane,"{""type"":""MultiPoint"",""coordinates"":[]}"
19_0_10,11756.998815727215,classification_2004,21,Mosaic of Agriculture and Pasture,"{""type"":""MultiPoint"",""coordinates"":[]}"
19_0_11,27.70200669072952,classification_2004,23,Beach and Dune,"{""type"":""MultiPoint"",""coordinates"":[]}"
19_0_12,394.05359322772176,classification_2004,24,Urban Infrastructure,"{""type"":""MultiPoint"",""coordinates"":[]}"
19_0_13,53.00163894241658,classification_2004,25,Other Non Vegetated Area,"{""type"":""MultiPoint"",""coordinates"":[]}"
19_0_14,1053.4313750875854,classification_2004,29,Rocky outcrop,"{""type"":""MultiPoint"",""coordinates"":[]}"
19_0_15,119.31223185076288,classification_2004,30,Mining,"{""type"":""MultiPoint"",""coordinates"":[]}"
19_0_16,0.5746809227294917,classification_2004,32,Salt flat,"{""type"":""MultiPoint"",""coordinates"":[]}"
19_0_17,668.376161373956,classification_2004,33,"River, Lake and Ocean","{""type"":""MultiPoint"",""coordinates"":[]}"
19_0_18,0.022928051513671877,classification_2004,39,Soy Beans,"{""type"":""MultiPoint"",""coordinates"":[]}"
19_0_19,22.188017435546882,classification_2004,41,Mosaic of Crops,"{""type"":""MultiPoint"",""coordinates"":[]}"
19_0_20,1016.2948469730742,classification_2004,46,Coffe,"{""type"":""MultiPoint"",""coordinates"":[]}"
19_0_21,1.992146538513183,classification_2004,48,Other Perennial Crops,"{""type"":""MultiPoint"",""coordinates"":[]}"
19_0_22,53.37316859259073,classification_2004,49,Wooded Sandbank Vegetation,"{""type"":""MultiPoint"",""coordinates"":[]}"
19_0_23,170.62921803332168,classification_2004,50,Herbaceous Sandbank Vegetation,"{""type"":""MultiPoint"",""coordinates"":[]}"
20_0_0,0.11318834118652345,classification_2005,0,Non Observed,"{""type"":""MultiPoint"",""coordinates"":[]}"
20_0_1,23804.14276009466,classification_2005,3,Forest Formation,"{""type"":""MultiPoint"",""coordinates"":[]}"
20_0_2,478.95282178333423,classification_2005,4,Savanna Formation,"{""type"":""MultiPoint"",""coordinates"":[]}"
20_0_3,7.6473354754028415,classification_2005,5,Magrove,"{""type"":""MultiPoint"",""coordinates"":[]}"
20_0_4,1457.2595821336597,classification_2005,9,Forest Plantation,"{""type"":""MultiPoint"",""coordinates"":[]}"
20_0_5,250.54773286348208,classification_2005,11,Wetland,"{""type"":""MultiPoint"",""coordinates"":[]}"
20_0_6,229.6846535306432,classification_2005,12,"Grassland (Pastizal, Formación Herbácea)","{""type"":""MultiPoint"",""coordinates"":[]}"
20_0_7,0.8614856358032228,classification_2005,13,Other Non Forest Natural Formation,"{""type"":""MultiPoint"",""coordinates"":[]}"
20_0_8,44428.23644212494,classification_2005,15,Pasture,"{""type"":""MultiPoint"",""coordinates"":[]}"
20_0_9,0.130925042602539,classification_2005,20,Sugar Cane,"{""type"":""MultiPoint"",""coordinates"":[]}"
20_0_10,12539.895530848533,classification_2005,21,Mosaic of Agriculture and Pasture,"{""type"":""MultiPoint"",""coordinates"":[]}"
20_0_11,30.263205202570653,classification_2005,23,Beach and Dune,"{""type"":""MultiPoint"",""coordinates"":[]}"
20_0_12,399.44375848944026,classification_2005,24,Urban Infrastructure,"{""type"":""MultiPoint"",""coordinates"":[]}"
20_0_13,53.46565047586383,classification_2005,25,Other Non Vegetated Area,"{""type"":""MultiPoint"",""coordinates"":[]}"
20_0_14,1052.6399515548128,classification_2005,29,Rocky outcrop,"{""type"":""MultiPoint"",""coordinates"":[]}"
20_0_15,121.87271695470571,classification_2005,30,Mining,"{""type"":""MultiPoint"",""coordinates"":[]}"
20_0_16,0.5645245682983392,classification_2005,32,Salt flat,"{""type"":""MultiPoint"",""coordinates"":[]}"
20_0_17,690.935958133787,classification_2005,33,"River, Lake and Ocean","{""type"":""MultiPoint"",""coordinates"":[]}"
20_0_18,0.016984922668457032,classification_2005,39,Soy Beans,"{""type"":""MultiPoint"",""coordinates"":[]}"
20_0_19,20.440210400207388,classification_2005,41,Mosaic of Crops,"{""type"":""MultiPoint"",""coordinates"":[]}"
20_0_20,1024.683200669,classification_2005,46,Coffe,"{""type"":""MultiPoint"",""coordinates"":[]}"
20_0_21,1.964267292541504,classification_2005,48,Other Perennial Crops,"{""type"":""MultiPoint"",""coordinates"":[]}"
20_0_22,53.71772391967758,classification_2005,49,Wooded Sandbank Vegetation,"{""type"":""MultiPoint"",""coordinates"":[]}"
20_0_23,168.1987973024253,classification_2005,50,Herbaceous Sandbank Vegetation,"{""type"":""MultiPoint"",""coordinates"":[]}"
21_0_0,0.1089471951904297,classification_2006,0,Non Observed,"{""type"":""MultiPoint"",""coordinates"":[]}"
21_0_1,24032.480954048166,classification_2006,3,Forest Formation,"{""type"":""MultiPoint"",""coordinates"":[]}"
21_0_2,498.6048324878588,classification_2006,4,Savanna Formation,"{""type"":""MultiPoint"",""coordinates"":[]}"
21_0_3,7.809019550476093,classification_2006,5,Magrove,"{""type"":""MultiPoint"",""coordinates"":[]}"
21_0_4,1553.3928848035216,classification_2006,9,Forest Plantation,"{""type"":""MultiPoint"",""coordinates"":[]}"
21_0_5,272.6951090772214,classification_2006,11,Wetland,"{""type"":""MultiPoint"",""coordinates"":[]}"
21_0_6,227.4372040322278,classification_2006,12,"Grassland (Pastizal, Formación Herbácea)","{""type"":""MultiPoint"",""coordinates"":[]}"
21_0_7,0.9859665010986332,classification_2006,13,Other Non Forest Natural Formation,"{""type"":""MultiPoint"",""coordinates"":[]}"
21_0_8,43670.12413567461,classification_2006,15,Pasture,"{""type"":""MultiPoint"",""coordinates"":[]}"
21_0_9,0.26521839306640616,classification_2006,20,Sugar Cane,"{""type"":""MultiPoint"",""coordinates"":[]}"
21_0_10,12886.073588865904,classification_2006,21,Mosaic of Agriculture and Pasture,"{""type"":""MultiPoint"",""coordinates"":[]}"
21_0_11,30.16465338411801,classification_2006,23,Beach and Dune,"{""type"":""MultiPoint"",""coordinates"":[]}"
21_0_12,408.9570419218125,classification_2006,24,Urban Infrastructure,"{""type"":""MultiPoint"",""coordinates"":[]}"
21_0_13,57.04968777844743,classification_2006,25,Other Non Vegetated Area,"{""type"":""MultiPoint"",""coordinates"":[]}"
21_0_14,1056.7428481532013,classification_2006,29,Rocky outcrop,"{""type"":""MultiPoint"",""coordinates"":[]}"
21_0_15,123.12998748265927,classification_2006,30,Mining,"{""type"":""MultiPoint"",""coordinates"":[]}"
21_0_16,0.5484412772827142,classification_2006,32,Salt flat,"{""type"":""MultiPoint"",""coordinates"":[]}"
21_0_17,684.6878710581025,classification_2006,33,"River, Lake and Ocean","{""type"":""MultiPoint"",""coordinates"":[]}"
21_0_18,0.039891120544433605,classification_2006,39,Soy Beans,"{""type"":""MultiPoint"",""coordinates"":[]}"
21_0_19,20.924297207702505,classification_2006,41,Mosaic of Crops,"{""type"":""MultiPoint"",""coordinates"":[]}"
21_0_20,1058.2169996461043,classification_2006,46,Coffe,"{""type"":""MultiPoint"",""coordinates"":[]}"
21_0_21,1.9642857288208009,classification_2006,48,Other Perennial Crops,"{""type"":""MultiPoint"",""coordinates"":[]}"
21_0_22,53.972128472106824,classification_2006,49,Wooded Sandbank Vegetation,"{""type"":""MultiPoint"",""coordinates"":[]}"
21_0_23,169.30341389977767,classification_2006,50,Herbaceous Sandbank Vegetation,"{""type"":""MultiPoint"",""coordinates"":[]}"
22_0_0,0.11994226495361328,classification_2007,0,Non Observed,"{""type"":""MultiPoint"",""coordinates"":[]}"
22_0_1,24418.913599275686,classification_2007,3,Forest Formation,"{""type"":""MultiPoint"",""coordinates"":[]}"
22_0_2,538.7448012918727,classification_2007,4,Savanna Formation,"{""type"":""MultiPoint"",""coordinates"":[]}"
22_0_3,7.846267951965361,classification_2007,5,Magrove,"{""type"":""MultiPoint"",""coordinates"":[]}"
22_0_4,1656.8257868566807,classification_2007,9,Forest Plantation,"{""type"":""MultiPoint"",""coordinates"":[]}"
22_0_5,283.1312115177072,classification_2007,11,Wetland,"{""type"":""MultiPoint"",""coordinates"":[]}"
22_0_6,230.05284505786386,classification_2007,12,"Grassland (Pastizal, Formación Herbácea)","{""type"":""MultiPoint"",""coordinates"":[]}"
22_0_7,1.0901172090454112,classification_2007,13,Other Non Forest Natural Formation,"{""type"":""MultiPoint"",""coordinates"":[]}"
22_0_8,42900.618682607106,classification_2007,15,Pasture,"{""type"":""MultiPoint"",""coordinates"":[]}"
22_0_9,0.4983515512084952,classification_2007,20,Sugar Cane,"{""type"":""MultiPoint"",""coordinates"":[]}"
22_0_10,13033.79707108265,classification_2007,21,Mosaic of Agriculture and Pasture,"{""type"":""MultiPoint"",""coordinates"":[]}"
22_0_11,30.915563837858446,classification_2007,23,Beach and Dune,"{""type"":""MultiPoint"",""coordinates"":[]}"
22_0_12,414.4944769757061,classification_2007,24,Urban Infrastructure,"{""type"":""MultiPoint"",""coordinates"":[]}"
22_0_13,58.24428132543945,classification_2007,25,Other Non Vegetated Area,"{""type"":""MultiPoint"",""coordinates"":[]}"
22_0_14,1064.9596753439955,classification_2007,29,Rocky outcrop,"{""type"":""MultiPoint"",""coordinates"":[]}"
22_0_15,126.86931214916548,classification_2007,30,Mining,"{""type"":""MultiPoint"",""coordinates"":[]}"
22_0_16,0.5433638157348621,classification_2007,32,Salt flat,"{""type"":""MultiPoint"",""coordinates"":[]}"
22_0_17,684.8653763925731,classification_2007,33,"River, Lake and Ocean","{""type"":""MultiPoint"",""coordinates"":[]}"
22_0_18,0.05426212548828126,classification_2007,39,Soy Beans,"{""type"":""MultiPoint"",""coordinates"":[]}"
22_0_19,22.14216639099126,classification_2007,41,Mosaic of Crops,"{""type"":""MultiPoint"",""coordinates"":[]}"
22_0_20,1112.8380731211532,classification_2007,46,Coffe,"{""type"":""MultiPoint"",""coordinates"":[]}"
22_0_21,2.0260459658813477,classification_2007,48,Other Perennial Crops,"{""type"":""MultiPoint"",""coordinates"":[]}"
22_0_22,54.05397453564456,classification_2007,49,Wooded Sandbank Vegetation,"{""type"":""MultiPoint"",""coordinates"":[]}"
22_0_23,172.0341591136451,classification_2007,50,Herbaceous Sandbank Vegetation,"{""type"":""MultiPoint"",""coordinates"":[]}"
23_0_0,0.11992773052978518,classification_2008,0,Non Observed,"{""type"":""MultiPoint"",""coordinates"":[]}"
23_0_1,24700.936583794897,classification_2008,3,Forest Formation,"{""type"":""MultiPoint"",""coordinates"":[]}"
23_0_2,564.4321767255786,classification_2008,4,Savanna Formation,"{""type"":""MultiPoint"",""coordinates"":[]}"
23_0_3,7.57116703112791,classification_2008,5,Magrove,"{""type"":""MultiPoint"",""coordinates"":[]}"
23_0_4,1751.2004158384343,classification_2008,9,Forest Plantation,"{""type"":""MultiPoint"",""coordinates"":[]}"
23_0_5,276.89158085285555,classification_2008,11,Wetland,"{""type"":""MultiPoint"",""coordinates"":[]}"
23_0_6,233.37644525103823,classification_2008,12,"Grassland (Pastizal, Formación Herbácea)","{""type"":""MultiPoint"",""coordinates"":[]}"
23_0_7,1.1712432221679698,classification_2008,13,Other Non Forest Natural Formation,"{""type"":""MultiPoint"",""coordinates"":[]}"
23_0_8,42118.71290482223,classification_2008,15,Pasture,"{""type"":""MultiPoint"",""coordinates"":[]}"
23_0_9,0.55241895361328,classification_2008,20,Sugar Cane,"{""type"":""MultiPoint"",""coordinates"":[]}"
23_0_10,13361.180215611399,classification_2008,21,Mosaic of Agriculture and Pasture,"{""type"":""MultiPoint"",""coordinates"":[]}"
23_0_11,33.85941016769249,classification_2008,23,Beach and Dune,"{""type"":""MultiPoint"",""coordinates"":[]}"
23_0_12,421.0606142049529,classification_2008,24,Urban Infrastructure,"{""type"":""MultiPoint"",""coordinates"":[]}"
23_0_13,57.38858766387939,classification_2008,25,Other Non Vegetated Area,"{""type"":""MultiPoint"",""coordinates"":[]}"
23_0_14,1070.5805167857657,classification_2008,29,Rocky outcrop,"{""type"":""MultiPoint"",""coordinates"":[]}"
23_0_15,132.01996415447672,classification_2008,30,Mining,"{""type"":""MultiPoint"",""coordinates"":[]}"
23_0_16,0.544212197509764,classification_2008,32,Salt flat,"{""type"":""MultiPoint"",""coordinates"":[]}"
23_0_17,682.4387967701344,classification_2008,33,"River, Lake and Ocean","{""type"":""MultiPoint"",""coordinates"":[]}"
23_0_18,0.019464944213867186,classification_2008,39,Soy Beans,"{""type"":""MultiPoint"",""coordinates"":[]}"
23_0_19,21.925413953430116,classification_2008,41,Mosaic of Crops,"{""type"":""MultiPoint"",""coordinates"":[]}"
23_0_20,1148.6351920855172,classification_2008,46,Coffe,"{""type"":""MultiPoint"",""coordinates"":[]}"
23_0_21,2.055714711120606,classification_2008,48,Other Perennial Crops,"{""type"":""MultiPoint"",""coordinates"":[]}"
23_0_22,53.46975384960946,classification_2008,49,Wooded Sandbank Vegetation,"{""type"":""MultiPoint"",""coordinates"":[]}"
23_0_23,175.5366864375587,classification_2008,50,Herbaceous Sandbank Vegetation,"{""type"":""MultiPoint"",""coordinates"":[]}"
24_0_0,0.13851681323242193,classification_2009,0,Non Observed,"{""type"":""MultiPoint"",""coordinates"":[]}"
24_0_1,25063.757458804706,classification_2009,3,Forest Formation,"{""type"":""MultiPoint"",""coordinates"":[]}"
24_0_2,562.3837169549493,classification_2009,4,Savanna Formation,"{""type"":""MultiPoint"",""coordinates"":[]}"
24_0_3,7.383254997802722,classification_2009,5,Magrove,"{""type"":""MultiPoint"",""coordinates"":[]}"
24_0_4,1934.7094735593812,classification_2009,9,Forest Plantation,"{""type"":""MultiPoint"",""coordinates"":[]}"
24_0_5,266.48811301997756,classification_2009,11,Wetland,"{""type"":""MultiPoint"",""coordinates"":[]}"
24_0_6,234.01494884369123,classification_2009,12,"Grassland (Pastizal, Formación Herbácea)","{""type"":""MultiPoint"",""coordinates"":[]}"
24_0_7,1.1279796307373053,classification_2009,13,Other Non Forest Natural Formation,"{""type"":""MultiPoint"",""coordinates"":[]}"
24_0_8,41468.80419042811,classification_2009,15,Pasture,"{""type"":""MultiPoint"",""coordinates"":[]}"
24_0_9,0.5693391370849603,classification_2009,20,Sugar Cane,"{""type"":""MultiPoint"",""coordinates"":[]}"
24_0_10,13412.41625408138,classification_2009,21,Mosaic of Agriculture and Pasture,"{""type"":""MultiPoint"",""coordinates"":[]}"
24_0_11,39.81216712679918,classification_2009,23,Beach and Dune,"{""type"":""MultiPoint"",""coordinates"":[]}"
24_0_12,428.2412497821017,classification_2009,24,Urban Infrastructure,"{""type"":""MultiPoint"",""coordinates"":[]}"
24_0_13,56.903666318542484,classification_2009,25,Other Non Vegetated Area,"{""type"":""MultiPoint"",""coordinates"":[]}"
24_0_14,1079.951245393248,classification_2009,29,Rocky outcrop,"{""type"":""MultiPoint"",""coordinates"":[]}"
24_0_15,135.08338550048313,classification_2009,30,Mining,"{""type"":""MultiPoint"",""coordinates"":[]}"
24_0_16,0.56029392614746,classification_2009,32,Salt flat,"{""type"":""MultiPoint"",""coordinates"":[]}"
24_0_17,693.5888680455872,classification_2009,33,"River, Lake and Ocean","{""type"":""MultiPoint"",""coordinates"":[]}"
24_0_18,20.49437638500971,classification_2009,41,Mosaic of Crops,"{""type"":""MultiPoint"",""coordinates"":[]}"
24_0_19,1181.3898151907958,classification_2009,46,Coffe,"{""type"":""MultiPoint"",""coordinates"":[]}"
24_0_20,2.059012874694825,classification_2009,48,Other Perennial Crops,"{""type"":""MultiPoint"",""coordinates"":[]}"
24_0_21,53.55878636932401,classification_2009,49,Wooded Sandbank Vegetation,"{""type"":""MultiPoint"",""coordinates"":[]}"
24_0_22,172.24329457598648,classification_2009,50,Herbaceous Sandbank Vegetation,"{""type"":""MultiPoint"",""coordinates"":[]}"
25_0_0,0.0878416600341797,classification_2010,0,Non Observed,"{""type"":""MultiPoint"",""coordinates"":[]}"
25_0_1,25487.089150015676,classification_2010,3,Forest Formation,"{""type"":""MultiPoint"",""coordinates"":[]}"
25_0_2,576.4512877205764,classification_2010,4,Savanna Formation,"{""type"":""MultiPoint"",""coordinates"":[]}"
25_0_3,7.2469871583862435,classification_2010,5,Magrove,"{""type"":""MultiPoint"",""coordinates"":[]}"
25_0_4,2034.3542506725237,classification_2010,9,Forest Plantation,"{""type"":""MultiPoint"",""coordinates"":[]}"
25_0_5,235.03634664405445,classification_2010,11,Wetland,"{""type"":""MultiPoint"",""coordinates"":[]}"
25_0_6,237.32515477844805,classification_2010,12,"Grassland (Pastizal, Formación Herbácea)","{""type"":""MultiPoint"",""coordinates"":[]}"
25_0_7,0.9511042753906251,classification_2010,13,Other Non Forest Natural Formation,"{""type"":""MultiPoint"",""coordinates"":[]}"
25_0_8,41142.36548108003,classification_2010,15,Pasture,"{""type"":""MultiPoint"",""coordinates"":[]}"
25_0_9,0.48659363842773506,classification_2010,20,Sugar Cane,"{""type"":""MultiPoint"",""coordinates"":[]}"
25_0_10,13221.10041809582,classification_2010,21,Mosaic of Agriculture and Pasture,"{""type"":""MultiPoint"",""coordinates"":[]}"
25_0_11,40.98264841036847,classification_2010,23,Beach and Dune,"{""type"":""MultiPoint"",""coordinates"":[]}"
25_0_12,439.01546963445713,classification_2010,24,Urban Infrastructure,"{""type"":""MultiPoint"",""coordinates"":[]}"
25_0_13,55.55696766339116,classification_2010,25,Other Non Vegetated Area,"{""type"":""MultiPoint"",""coordinates"":[]}"
25_0_14,1076.5166235468116,classification_2010,29,Rocky outcrop,"{""type"":""MultiPoint"",""coordinates"":[]}"
25_0_15,138.2297893777407,classification_2010,30,Mining,"{""type"":""MultiPoint"",""coordinates"":[]}"
25_0_16,0.5763747415771479,classification_2010,32,Salt flat,"{""type"":""MultiPoint"",""coordinates"":[]}"
25_0_17,683.7116619340144,classification_2010,33,"River, Lake and Ocean","{""type"":""MultiPoint"",""coordinates"":[]}"
25_0_18,20.80925651525873,classification_2010,41,Mosaic of Crops,"{""type"":""MultiPoint"",""coordinates"":[]}"
25_0_19,1199.2548312184497,classification_2010,46,Coffe,"{""type"":""MultiPoint"",""coordinates"":[]}"
25_0_20,2.0477881433715823,classification_2010,48,Other Perennial Crops,"{""type"":""MultiPoint"",""coordinates"":[]}"
25_0_21,52.8192416442875,classification_2010,49,Wooded Sandbank Vegetation,"{""type"":""MultiPoint"",""coordinates"":[]}"
25_0_22,163.66413919018555,classification_2010,50,Herbaceous Sandbank Vegetation,"{""type"":""MultiPoint"",""coordinates"":[]}"
26_0_0,0.10724927716064457,classification_2011,0,Non Observed,"{""type"":""MultiPoint"",""coordinates"":[]}"
26_0_1,25665.282959482516,classification_2011,3,Forest Formation,"{""type"":""MultiPoint"",""coordinates"":[]}"
26_0_2,558.1719591990941,classification_2011,4,Savanna Formation,"{""type"":""MultiPoint"",""coordinates"":[]}"
26_0_3,7.310470187988283,classification_2011,5,Magrove,"{""type"":""MultiPoint"",""coordinates"":[]}"
26_0_4,2119.8487931838736,classification_2011,9,Forest Plantation,"{""type"":""MultiPoint"",""coordinates"":[]}"
26_0_5,202.02039065948247,classification_2011,11,Wetland,"{""type"":""MultiPoint"",""coordinates"":[]}"
26_0_6,239.64218825971037,classification_2011,12,"Grassland (Pastizal, Formación Herbácea)","{""type"":""MultiPoint"",""coordinates"":[]}"
26_0_7,0.9408369355468746,classification_2011,13,Other Non Forest Natural Formation,"{""type"":""MultiPoint"",""coordinates"":[]}"
26_0_8,40858.92879377216,classification_2011,15,Pasture,"{""type"":""MultiPoint"",""coordinates"":[]}"
26_0_9,0.49928134533691476,classification_2011,20,Sugar Cane,"{""type"":""MultiPoint"",""coordinates"":[]}"
26_0_10,13228.96501502421,classification_2011,21,Mosaic of Agriculture and Pasture,"{""type"":""MultiPoint"",""coordinates"":[]}"
26_0_11,37.84393596945057,classification_2011,23,Beach and Dune,"{""type"":""MultiPoint"",""coordinates"":[]}"
26_0_12,451.91730236931977,classification_2011,24,Urban Infrastructure,"{""type"":""MultiPoint"",""coordinates"":[]}"
26_0_13,55.60661165502934,classification_2011,25,Other Non Vegetated Area,"{""type"":""MultiPoint"",""coordinates"":[]}"
26_0_14,1067.9447177439583,classification_2011,29,Rocky outcrop,"{""type"":""MultiPoint"",""coordinates"":[]}"
26_0_15,142.83460929155976,classification_2011,30,Mining,"{""type"":""MultiPoint"",""coordinates"":[]}"
26_0_16,0.6170007038574212,classification_2011,32,Salt flat,"{""type"":""MultiPoint"",""coordinates"":[]}"
26_0_17,693.2100061467236,classification_2011,33,"River, Lake and Ocean","{""type"":""MultiPoint"",""coordinates"":[]}"
26_0_18,23.192526255248914,classification_2011,41,Mosaic of Crops,"{""type"":""MultiPoint"",""coordinates"":[]}"
26_0_19,1246.7620783606594,classification_2011,46,Coffe,"{""type"":""MultiPoint"",""coordinates"":[]}"
26_0_20,2.0408303884277337,classification_2011,48,Other Perennial Crops,"{""type"":""MultiPoint"",""coordinates"":[]}"
26_0_21,52.362352288513584,classification_2011,49,Wooded Sandbank Vegetation,"{""type"":""MultiPoint"",""coordinates"":[]}"
26_0_22,159.62949925915456,classification_2011,50,Herbaceous Sandbank Vegetation,"{""type"":""MultiPoint"",""coordinates"":[]}"
27_0_0,0.10556380780029297,classification_2012,0,Non Observed,"{""type"":""MultiPoint"",""coordinates"":[]}"
27_0_1,25646.92122000734,classification_2012,3,Forest Formation,"{""type"":""MultiPoint"",""coordinates"":[]}"
27_0_2,562.8223601131522,classification_2012,4,Savanna Formation,"{""type"":""MultiPoint"",""coordinates"":[]}"
27_0_3,7.41711898071288,classification_2012,5,Magrove,"{""type"":""MultiPoint"",""coordinates"":[]}"
27_0_4,2152.201165249401,classification_2012,9,Forest Plantation,"{""type"":""MultiPoint"",""coordinates"":[]}"
27_0_5,181.8153780921567,classification_2012,11,Wetland,"{""type"":""MultiPoint"",""coordinates"":[]}"
27_0_6,242.43501901270056,classification_2012,12,"Grassland (Pastizal, Formación Herbácea)","{""type"":""MultiPoint"",""coordinates"":[]}"
27_0_7,0.7978973980102533,classification_2012,13,Other Non Forest Natural Formation,"{""type"":""MultiPoint"",""coordinates"":[]}"
27_0_8,40509.20620419717,classification_2012,15,Pasture,"{""type"":""MultiPoint"",""coordinates"":[]}"
27_0_9,0.27880833978271463,classification_2012,20,Sugar Cane,"{""type"":""MultiPoint"",""coordinates"":[]}"
27_0_10,13481.409810990275,classification_2012,21,Mosaic of Agriculture and Pasture,"{""type"":""MultiPoint"",""coordinates"":[]}"
27_0_11,33.697126622281466,classification_2012,23,Beach and Dune,"{""type"":""MultiPoint"",""coordinates"":[]}"
27_0_12,463.63105583025686,classification_2012,24,Urban Infrastructure,"{""type"":""MultiPoint"",""coordinates"":[]}"
27_0_13,56.34561030700758,classification_2012,25,Other Non Vegetated Area,"{""type"":""MultiPoint"",""coordinates"":[]}"
27_0_14,1062.5264546663202,classification_2012,29,Rocky outcrop,"{""type"":""MultiPoint"",""coordinates"":[]}"
27_0_15,146.93516925573132,classification_2012,30,Mining,"{""type"":""MultiPoint"",""coordinates"":[]}"
27_0_16,0.6051590035400387,classification_2012,32,Salt flat,"{""type"":""MultiPoint"",""coordinates"":[]}"
27_0_17,685.0272996915847,classification_2012,33,"River, Lake and Ocean","{""type"":""MultiPoint"",""coordinates"":[]}"
27_0_18,26.580042572387537,classification_2012,41,Mosaic of Crops,"{""type"":""MultiPoint"",""coordinates"":[]}"
27_0_19,1345.220465710253,classification_2012,46,Coffe,"{""type"":""MultiPoint"",""coordinates"":[]}"
27_0_20,2.016330296569824,classification_2012,48,Other Perennial Crops,"{""type"":""MultiPoint"",""coordinates"":[]}"
27_0_21,50.868201504455925,classification_2012,49,Wooded Sandbank Vegetation,"{""type"":""MultiPoint"",""coordinates"":[]}"
27_0_22,156.81594611004644,classification_2012,50,Herbaceous Sandbank Vegetation,"{""type"":""MultiPoint"",""coordinates"":[]}"
28_0_0,0.1021890985107422,classification_2013,0,Non Observed,"{""type"":""MultiPoint"",""coordinates"":[]}"
28_0_1,25585.72315631883,classification_2013,3,Forest Formation,"{""type"":""MultiPoint"",""coordinates"":[]}"
28_0_2,584.4092149657545,classification_2013,4,Savanna Formation,"{""type"":""MultiPoint"",""coordinates"":[]}"
28_0_3,7.286770002502447,classification_2013,5,Magrove,"{""type"":""MultiPoint"",""coordinates"":[]}"
28_0_4,2189.474791595776,classification_2013,9,Forest Plantation,"{""type"":""MultiPoint"",""coordinates"":[]}"
28_0_5,164.72673668840687,classification_2013,11,Wetland,"{""type"":""MultiPoint"",""coordinates"":[]}"
28_0_6,245.6915844806571,classification_2013,12,"Grassland (Pastizal, Formación Herbácea)","{""type"":""MultiPoint"",""coordinates"":[]}"
28_0_7,0.9373529257812488,classification_2013,13,Other Non Forest Natural Formation,"{""type"":""MultiPoint"",""coordinates"":[]}"
28_0_8,40284.445659825134,classification_2013,15,Pasture,"{""type"":""MultiPoint"",""coordinates"":[]}"
28_0_9,0.21544122137451163,classification_2013,20,Sugar Cane,"{""type"":""MultiPoint"",""coordinates"":[]}"
28_0_10,13573.148419824369,classification_2013,21,Mosaic of Agriculture and Pasture,"{""type"":""MultiPoint"",""coordinates"":[]}"
28_0_11,32.47645656313852,classification_2013,23,Beach and Dune,"{""type"":""MultiPoint"",""coordinates"":[]}"
28_0_12,477.84369898382147,classification_2013,24,Urban Infrastructure,"{""type"":""MultiPoint"",""coordinates"":[]}"
28_0_13,58.58962230603101,classification_2013,25,Other Non Vegetated Area,"{""type"":""MultiPoint"",""coordinates"":[]}"
28_0_14,1060.485550839659,classification_2013,29,Rocky outcrop,"{""type"":""MultiPoint"",""coordinates"":[]}"
28_0_15,150.94594110778235,classification_2013,30,Mining,"{""type"":""MultiPoint"",""coordinates"":[]}"
28_0_16,0.5789270338745109,classification_2013,32,Salt flat,"{""type"":""MultiPoint"",""coordinates"":[]}"
28_0_17,665.8839266769352,classification_2013,33,"River, Lake and Ocean","{""type"":""MultiPoint"",""coordinates"":[]}"
28_0_18,31.878312696044876,classification_2013,41,Mosaic of Crops,"{""type"":""MultiPoint"",""coordinates"":[]}"
28_0_19,1488.37217994585,classification_2013,46,Coffe,"{""type"":""MultiPoint"",""coordinates"":[]}"
28_0_20,2.0086851577148437,classification_2013,48,Other Perennial Crops,"{""type"":""MultiPoint"",""coordinates"":[]}"
28_0_21,50.76339202911406,classification_2013,49,Wooded Sandbank Vegetation,"{""type"":""MultiPoint"",""coordinates"":[]}"
28_0_22,159.6913974724102,classification_2013,50,Herbaceous Sandbank Vegetation,"{""type"":""MultiPoint"",""coordinates"":[]}"
29_0_0,0.10809529364013673,classification_2014,0,Non Observed,"{""type"":""MultiPoint"",""coordinates"":[]}"
29_0_1,25488.37161801044,classification_2014,3,Forest Formation,"{""type"":""MultiPoint"",""coordinates"":[]}"
29_0_2,629.2121278818269,classification_2014,4,Savanna Formation,"{""type"":""MultiPoint"",""coordinates"":[]}"
29_0_3,6.927024687072814,classification_2014,5,Magrove,"{""type"":""MultiPoint"",""coordinates"":[]}"
29_0_4,2234.3424300229676,classification_2014,9,Forest Plantation,"{""type"":""MultiPoint"",""coordinates"":[]}"
29_0_5,161.70079412212235,classification_2014,11,Wetland,"{""type"":""MultiPoint"",""coordinates"":[]}"
29_0_6,248.0686179862736,classification_2014,12,"Grassland (Pastizal, Formación Herbácea)","{""type"":""MultiPoint"",""coordinates"":[]}"
29_0_7,1.3963581934814466,classification_2014,13,Other Non Forest Natural Formation,"{""type"":""MultiPoint"",""coordinates"":[]}"
29_0_8,40114.98933617131,classification_2014,15,Pasture,"{""type"":""MultiPoint"",""coordinates"":[]}"
29_0_9,0.1892528654174805,classification_2014,20,Sugar Cane,"{""type"":""MultiPoint"",""coordinates"":[]}"
29_0_10,13524.99812522703,classification_2014,21,Mosaic of Agriculture and Pasture,"{""type"":""MultiPoint"",""coordinates"":[]}"
29_0_11,30.49568517684782,classification_2014,23,Beach and Dune,"{""type"":""MultiPoint"",""coordinates"":[]}"
29_0_12,490.3454608037685,classification_2014,24,Urban Infrastructure,"{""type"":""MultiPoint"",""coordinates"":[]}"
29_0_13,63.3015822697754,classification_2014,25,Other Non Vegetated Area,"{""type"":""MultiPoint"",""coordinates"":[]}"
29_0_14,1068.2450272165504,classification_2014,29,Rocky outcrop,"{""type"":""MultiPoint"",""coordinates"":[]}"
29_0_15,156.0715667094688,classification_2014,30,Mining,"{""type"":""MultiPoint"",""coordinates"":[]}"
29_0_16,0.5975538934936512,classification_2014,32,Salt flat,"{""type"":""MultiPoint"",""coordinates"":[]}"
29_0_17,672.3996040981377,classification_2014,33,"River, Lake and Ocean","{""type"":""MultiPoint"",""coordinates"":[]}"
29_0_18,0.020355044067382817,classification_2014,39,Soy Beans,"{""type"":""MultiPoint"",""coordinates"":[]}"
29_0_19,34.37324211724848,classification_2014,41,Mosaic of Crops,"{""type"":""MultiPoint"",""coordinates"":[]}"
29_0_20,1671.1126868220913,classification_2014,46,Coffe,"{""type"":""MultiPoint"",""coordinates"":[]}"
29_0_21,1.9809432163696297,classification_2014,48,Other Perennial Crops,"{""type"":""MultiPoint"",""coordinates"":[]}"
29_0_22,50.42006522259553,classification_2014,49,Wooded Sandbank Vegetation,"{""type"":""MultiPoint"",""coordinates"":[]}"
29_0_23,166.01185470751716,classification_2014,50,Herbaceous Sandbank Vegetation,"{""type"":""MultiPoint"",""coordinates"":[]}"
30_0_0,0.07263454486083985,classification_2015,0,Non Observed,"{""type"":""MultiPoint"",""coordinates"":[]}"
30_0_1,25469.91715397884,classification_2015,3,Forest Formation,"{""type"":""MultiPoint"",""coordinates"":[]}"
30_0_2,679.7255240861105,classification_2015,4,Savanna Formation,"{""type"":""MultiPoint"",""coordinates"":[]}"
30_0_3,5.76315045410152,classification_2015,5,Magrove,"{""type"":""MultiPoint"",""coordinates"":[]}"
30_0_4,2225.78448626838,classification_2015,9,Forest Plantation,"{""type"":""MultiPoint"",""coordinates"":[]}"
30_0_5,157.89717203783687,classification_2015,11,Wetland,"{""type"":""MultiPoint"",""coordinates"":[]}"
30_0_6,248.99296122876737,classification_2015,12,"Grassland (Pastizal, Formación Herbácea)","{""type"":""MultiPoint"",""coordinates"":[]}"
30_0_7,1.6212221131591833,classification_2015,13,Other Non Forest Natural Formation,"{""type"":""MultiPoint"",""coordinates"":[]}"
30_0_8,39782.9828795869,classification_2015,15,Pasture,"{""type"":""MultiPoint"",""coordinates"":[]}"
30_0_9,0.16137556353759772,classification_2015,20,Sugar Cane,"{""type"":""MultiPoint"",""coordinates"":[]}"
30_0_10,13712.26224809808,classification_2015,21,Mosaic of Agriculture and Pasture,"{""type"":""MultiPoint"",""coordinates"":[]}"
30_0_11,30.101377661283774,classification_2015,23,Beach and Dune,"{""type"":""MultiPoint"",""coordinates"":[]}"
30_0_12,501.05455540020614,classification_2015,24,Urban Infrastructure,"{""type"":""MultiPoint"",""coordinates"":[]}"
30_0_13,72.22877767797853,classification_2015,25,Other Non Vegetated Area,"{""type"":""MultiPoint"",""coordinates"":[]}"
30_0_14,1081.7065680201395,classification_2015,29,Rocky outcrop,"{""type"":""MultiPoint"",""coordinates"":[]}"
30_0_15,161.74674552880523,classification_2015,30,Mining,"{""type"":""MultiPoint"",""coordinates"":[]}"
30_0_16,0.6263317469482421,classification_2015,32,Salt flat,"{""type"":""MultiPoint"",""coordinates"":[]}"
30_0_17,642.7650273217129,classification_2015,33,"River, Lake and Ocean","{""type"":""MultiPoint"",""coordinates"":[]}"
30_0_18,0.020355044067382817,classification_2015,39,Soy Beans,"{""type"":""MultiPoint"",""coordinates"":[]}"
30_0_19,37.551903466308694,classification_2015,41,Mosaic of Crops,"{""type"":""MultiPoint"",""coordinates"":[]}"
30_0_20,1782.7785883246156,classification_2015,46,Coffe,"{""type"":""MultiPoint"",""coordinates"":[]}"
30_0_21,1.8924408891601565,classification_2015,48,Other Perennial Crops,"{""type"":""MultiPoint"",""coordinates"":[]}"
30_0_22,50.399607102173036,classification_2015,49,Wooded Sandbank Vegetation,"{""type"":""MultiPoint"",""coordinates"":[]}"
30_0_23,167.6263216159032,classification_2015,50,Herbaceous Sandbank Vegetation,"{""type"":""MultiPoint"",""coordinates"":[]}"
31_0_0,0.0599614541015625,classification_2016,0,Non Observed,"{""type"":""MultiPoint"",""coordinates"":[]}"
31_0_1,25585.544764046546,classification_2016,3,Forest Formation,"{""type"":""MultiPoint"",""coordinates"":[]}"
31_0_2,721.5053293656509,classification_2016,4,Savanna Formation,"{""type"":""MultiPoint"",""coordinates"":[]}"
31_0_3,4.75748163299558,classification_2016,5,Magrove,"{""type"":""MultiPoint"",""coordinates"":[]}"
31_0_4,2266.3954743252098,classification_2016,9,Forest Plantation,"{""type"":""MultiPoint"",""coordinates"":[]}"
31_0_5,154.04741401116382,classification_2016,11,Wetland,"{""type"":""MultiPoint"",""coordinates"":[]}"
31_0_6,250.45649121192181,classification_2016,12,"Grassland (Pastizal, Formación Herbácea)","{""type"":""MultiPoint"",""coordinates"":[]}"
31_0_7,1.7962900261230503,classification_2016,13,Other Non Forest Natural Formation,"{""type"":""MultiPoint"",""coordinates"":[]}"
31_0_8,38771.521865447045,classification_2016,15,Pasture,"{""type"":""MultiPoint"",""coordinates"":[]}"
31_0_9,0.24671868365478522,classification_2016,20,Sugar Cane,"{""type"":""MultiPoint"",""coordinates"":[]}"
31_0_10,14528.874074670117,classification_2016,21,Mosaic of Agriculture and Pasture,"{""type"":""MultiPoint"",""coordinates"":[]}"
31_0_11,28.809789254484368,classification_2016,23,Beach and Dune,"{""type"":""MultiPoint"",""coordinates"":[]}"
31_0_12,507.6409711038203,classification_2016,24,Urban Infrastructure,"{""type"":""MultiPoint"",""coordinates"":[]}"
31_0_13,74.81655695709227,classification_2016,25,Other Non Vegetated Area,"{""type"":""MultiPoint"",""coordinates"":[]}"
31_0_14,1089.7643735168424,classification_2016,29,Rocky outcrop,"{""type"":""MultiPoint"",""coordinates"":[]}"
31_0_15,168.4393456150482,classification_2016,30,Mining,"{""type"":""MultiPoint"",""coordinates"":[]}"
31_0_16,0.7482248170776368,classification_2016,32,Salt flat,"{""type"":""MultiPoint"",""coordinates"":[]}"
31_0_17,616.3493870537055,classification_2016,33,"River, Lake and Ocean","{""type"":""MultiPoint"",""coordinates"":[]}"
31_0_18,0.005088605834960938,classification_2016,39,Soy Beans,"{""type"":""MultiPoint"",""coordinates"":[]}"
31_0_19,41.932049217590475,classification_2016,41,Mosaic of Crops,"{""type"":""MultiPoint"",""coordinates"":[]}"
31_0_20,1772.2186270277723,classification_2016,46,Coffe,"{""type"":""MultiPoint"",""coordinates"":[]}"
31_0_21,6.84023381243897,classification_2016,48,Other Perennial Crops,"{""type"":""MultiPoint"",""coordinates"":[]}"
31_0_22,49.36505630084244,classification_2016,49,Wooded Sandbank Vegetation,"{""type"":""MultiPoint"",""coordinates"":[]}"
31_0_23,173.54383960308817,classification_2016,50,Herbaceous Sandbank Vegetation,"{""type"":""MultiPoint"",""coordinates"":[]}"
32_0_0,0.042246325622558596,classification_2017,0,Non Observed,"{""type"":""MultiPoint"",""coordinates"":[]}"
32_0_1,25866.129438815613,classification_2017,3,Forest Formation,"{""type"":""MultiPoint"",""coordinates"":[]}"
32_0_2,753.5360612814202,classification_2017,4,Savanna Formation,"{""type"":""MultiPoint"",""coordinates"":[]}"
32_0_3,4.462879030883766,classification_2017,5,Magrove,"{""type"":""MultiPoint"",""coordinates"":[]}"
32_0_4,2249.8088806657306,classification_2017,9,Forest Plantation,"{""type"":""MultiPoint"",""coordinates"":[]}"
32_0_5,153.6560995150083,classification_2017,11,Wetland,"{""type"":""MultiPoint"",""coordinates"":[]}"
32_0_6,251.94580774475924,classification_2017,12,"Grassland (Pastizal, Formación Herbácea)","{""type"":""MultiPoint"",""coordinates"":[]}"
32_0_7,2.3675905358276403,classification_2017,13,Other Non Forest Natural Formation,"{""type"":""MultiPoint"",""coordinates"":[]}"
32_0_8,37818.998929041685,classification_2017,15,Pasture,"{""type"":""MultiPoint"",""coordinates"":[]}"
32_0_9,0.14617256054687508,classification_2017,20,Sugar Cane,"{""type"":""MultiPoint"",""coordinates"":[]}"
32_0_10,15134.385361667579,classification_2017,21,Mosaic of Agriculture and Pasture,"{""type"":""MultiPoint"",""coordinates"":[]}"
32_0_11,26.4988085337703,classification_2017,23,Beach and Dune,"{""type"":""MultiPoint"",""coordinates"":[]}"
32_0_12,514.5340049334708,classification_2017,24,Urban Infrastructure,"{""type"":""MultiPoint"",""coordinates"":[]}"
32_0_13,76.55401427344832,classification_2017,25,Other Non Vegetated Area,"{""type"":""MultiPoint"",""coordinates"":[]}"
32_0_14,1098.8097931763266,classification_2017,29,Rocky outcrop,"{""type"":""MultiPoint"",""coordinates"":[]}"
32_0_15,170.9277506713836,classification_2017,30,Mining,"{""type"":""MultiPoint"",""coordinates"":[]}"
32_0_16,0.7871633516845703,classification_2017,32,Salt flat,"{""type"":""MultiPoint"",""coordinates"":[]}"
32_0_17,615.4785938631534,classification_2017,33,"River, Lake and Ocean","{""type"":""MultiPoint"",""coordinates"":[]}"
32_0_18,0.008482094299316406,classification_2017,39,Soy Beans,"{""type"":""MultiPoint"",""coordinates"":[]}"
32_0_19,50.167966268249536,classification_2017,41,Mosaic of Crops,"{""type"":""MultiPoint"",""coordinates"":[]}"
32_0_20,1795.0767444937844,classification_2017,46,Coffe,"{""type"":""MultiPoint"",""coordinates"":[]}"
32_0_21,6.8210175078125,classification_2017,48,Other Perennial Crops,"{""type"":""MultiPoint"",""coordinates"":[]}"
32_0_22,48.9946890500492,classification_2017,49,Wooded Sandbank Vegetation,"{""type"":""MultiPoint"",""coordinates"":[]}"
32_0_23,175.5409123596164,classification_2017,50,Herbaceous Sandbank Vegetation,"{""type"":""MultiPoint"",""coordinates"":[]}"
33_0_0,0.059126626953125004,classification_2018,0,Non Observed,"{""type"":""MultiPoint"",""coordinates"":[]}"
33_0_1,25979.50584771936,classification_2018,3,Forest Formation,"{""type"":""MultiPoint"",""coordinates"":[]}"
33_0_2,768.418936618575,classification_2018,4,Savanna Formation,"{""type"":""MultiPoint"",""coordinates"":[]}"
33_0_3,4.444257982910133,classification_2018,5,Magrove,"{""type"":""MultiPoint"",""coordinates"":[]}"
33_0_4,2305.060345354985,classification_2018,9,Forest Plantation,"{""type"":""MultiPoint"",""coordinates"":[]}"
33_0_5,169.12077218999548,classification_2018,11,Wetland,"{""type"":""MultiPoint"",""coordinates"":[]}"
33_0_6,256.59047750775846,classification_2018,12,"Grassland (Pastizal, Formación Herbácea)","{""type"":""MultiPoint"",""coordinates"":[]}"
33_0_7,2.9927891494751013,classification_2018,13,Other Non Forest Natural Formation,"{""type"":""MultiPoint"",""coordinates"":[]}"
33_0_8,36984.95073839744,classification_2018,15,Pasture,"{""type"":""MultiPoint"",""coordinates"":[]}"
33_0_9,0.1858854830322266,classification_2018,20,Sugar Cane,"{""type"":""MultiPoint"",""coordinates"":[]}"
33_0_10,15697.254732919253,classification_2018,21,Mosaic of Agriculture and Pasture,"{""type"":""MultiPoint"",""coordinates"":[]}"
33_0_11,26.43792770503494,classification_2018,23,Beach and Dune,"{""type"":""MultiPoint"",""coordinates"":[]}"
33_0_12,522.0446675535878,classification_2018,24,Urban Infrastructure,"{""type"":""MultiPoint"",""coordinates"":[]}"
33_0_13,76.1691793008531,classification_2018,25,Other Non Vegetated Area,"{""type"":""MultiPoint"",""coordinates"":[]}"
33_0_14,1103.10274075231,classification_2018,29,Rocky outcrop,"{""type"":""MultiPoint"",""coordinates"":[]}"
33_0_15,175.08303511321844,classification_2018,30,Mining,"{""type"":""MultiPoint"",""coordinates"":[]}"
33_0_16,0.7541570186767584,classification_2018,32,Salt flat,"{""type"":""MultiPoint"",""coordinates"":[]}"
33_0_17,643.7088279305962,classification_2018,33,"River, Lake and Ocean","{""type"":""MultiPoint"",""coordinates"":[]}"
33_0_18,0.02546856646728516,classification_2018,39,Soy Beans,"{""type"":""MultiPoint"",""coordinates"":[]}"
33_0_19,56.95790104577653,classification_2018,41,Mosaic of Crops,"{""type"":""MultiPoint"",""coordinates"":[]}"
33_0_20,1811.2476373111106,classification_2018,46,Coffe,"{""type"":""MultiPoint"",""coordinates"":[]}"
33_0_21,6.735007922607424,classification_2018,48,Other Perennial Crops,"{""type"":""MultiPoint"",""coordinates"":[]}"
33_0_22,49.99580513079853,classification_2018,49,Wooded Sandbank Vegetation,"{""type"":""MultiPoint"",""coordinates"":[]}"
33_0_23,174.83314246081352,classification_2018,50,Herbaceous Sandbank Vegetation,"{""type"":""MultiPoint"",""coordinates"":[]}"
34_0_0,0.05744500469970703,classification_2019,0,Non Observed,"{""type"":""MultiPoint"",""coordinates"":[]}"
34_0_1,25900.032252612407,classification_2019,3,Forest Formation,"{""type"":""MultiPoint"",""coordinates"":[]}"
34_0_2,760.2290437460218,classification_2019,4,Savanna Formation,"{""type"":""MultiPoint"",""coordinates"":[]}"
34_0_3,4.53650853356931,classification_2019,5,Magrove,"{""type"":""MultiPoint"",""coordinates"":[]}"
34_0_4,2376.3702117383473,classification_2019,9,Forest Plantation,"{""type"":""MultiPoint"",""coordinates"":[]}"
34_0_5,182.92607525127775,classification_2019,11,Wetland,"{""type"":""MultiPoint"",""coordinates"":[]}"
34_0_6,256.5355847731398,classification_2019,12,"Grassland (Pastizal, Formación Herbácea)","{""type"":""MultiPoint"",""coordinates"":[]}"
34_0_7,3.57045433282472,classification_2019,13,Other Non Forest Natural Formation,"{""type"":""MultiPoint"",""coordinates"":[]}"
34_0_8,36278.216006590264,classification_2019,15,Pasture,"{""type"":""MultiPoint"",""coordinates"":[]}"
34_0_9,0.4671718400268562,classification_2019,20,Sugar Cane,"{""type"":""MultiPoint"",""coordinates"":[]}"
34_0_10,16337.441502227071,classification_2019,21,Mosaic of Agriculture and Pasture,"{""type"":""MultiPoint"",""coordinates"":[]}"
34_0_11,23.64955641420253,classification_2019,23,Beach and Dune,"{""type"":""MultiPoint"",""coordinates"":[]}"
34_0_12,529.6227062202757,classification_2019,24,Urban Infrastructure,"{""type"":""MultiPoint"",""coordinates"":[]}"
34_0_13,77.06720425635845,classification_2019,25,Other Non Vegetated Area,"{""type"":""MultiPoint"",""coordinates"":[]}"
34_0_14,1097.8029898560708,classification_2019,29,Rocky outcrop,"{""type"":""MultiPoint"",""coordinates"":[]}"
34_0_15,181.33045717474332,classification_2019,30,Mining,"{""type"":""MultiPoint"",""coordinates"":[]}"
34_0_16,0.7456937984008791,classification_2019,32,Salt flat,"{""type"":""MultiPoint"",""coordinates"":[]}"
34_0_17,646.1735989158257,classification_2019,33,"River, Lake and Ocean","{""type"":""MultiPoint"",""coordinates"":[]}"
34_0_18,0.028869506713867187,classification_2019,39,Soy Beans,"{""type"":""MultiPoint"",""coordinates"":[]}"
34_0_19,57.60386465576171,classification_2019,41,Mosaic of Crops,"{""type"":""MultiPoint"",""coordinates"":[]}"
34_0_20,1864.505605000885,classification_2019,46,Coffe,"{""type"":""MultiPoint"",""coordinates"":[]}"
34_0_21,6.735103591247561,classification_2019,48,Other Perennial Crops,"{""type"":""MultiPoint"",""coordinates"":[]}"
34_0_22,51.293682986755755,classification_2019,49,Wooded Sandbank Vegetation,"{""type"":""MultiPoint"",""coordinates"":[]}"
34_0_23,178.73781873492155,classification_2019,50,Herbaceous Sandbank Vegetation,"{""type"":""MultiPoint"",""coordinates"":[]}"
35_0_0,0.052381277709960934,classification_2020,0,Non Observed,"{""type"":""MultiPoint"",""coordinates"":[]}"
35_0_1,26291.545450764326,classification_2020,3,Forest Formation,"{""type"":""MultiPoint"",""coordinates"":[]}"
35_0_2,749.2968819871742,classification_2020,4,Savanna Formation,"{""type"":""MultiPoint"",""coordinates"":[]}"
35_0_3,4.530585019348122,classification_2020,5,Magrove,"{""type"":""MultiPoint"",""coordinates"":[]}"
35_0_4,2416.149954859266,classification_2020,9,Forest Plantation,"{""type"":""MultiPoint"",""coordinates"":[]}"
35_0_5,214.74614694750392,classification_2020,11,Wetland,"{""type"":""MultiPoint"",""coordinates"":[]}"
35_0_6,259.0809667078928,classification_2020,12,"Grassland (Pastizal, Formación Herbácea)","{""type"":""MultiPoint"",""coordinates"":[]}"
35_0_7,4.112398990051289,classification_2020,13,Other Non Forest Natural Formation,"{""type"":""MultiPoint"",""coordinates"":[]}"
35_0_8,35939.37247015637,classification_2020,15,Pasture,"{""type"":""MultiPoint"",""coordinates"":[]}"
35_0_9,0.46717184002685613,classification_2020,20,Sugar Cane,"{""type"":""MultiPoint"",""coordinates"":[]}"
35_0_10,16080.599443375784,classification_2020,21,Mosaic of Agriculture and Pasture,"{""type"":""MultiPoint"",""coordinates"":[]}"
35_0_11,23.53030034346278,classification_2020,23,Beach and Dune,"{""type"":""MultiPoint"",""coordinates"":[]}"
35_0_12,530.3690600477294,classification_2020,24,Urban Infrastructure,"{""type"":""MultiPoint"",""coordinates"":[]}"
35_0_13,80.21385977558452,classification_2020,25,Other Non Vegetated Area,"{""type"":""MultiPoint"",""coordinates"":[]}"
35_0_14,1107.41206246563,classification_2020,29,Rocky outcrop,"{""type"":""MultiPoint"",""coordinates"":[]}"
35_0_15,185.4914502373658,classification_2020,30,Mining,"{""type"":""MultiPoint"",""coordinates"":[]}"
35_0_16,0.7473871744995119,classification_2020,32,Salt flat,"{""type"":""MultiPoint"",""coordinates"":[]}"
35_0_17,679.5383165563303,classification_2020,33,"River, Lake and Ocean","{""type"":""MultiPoint"",""coordinates"":[]}"
35_0_18,0.028869506713867187,classification_2020,39,Soy Beans,"{""type"":""MultiPoint"",""coordinates"":[]}"
35_0_19,58.318292519042885,classification_2020,41,Mosaic of Crops,"{""type"":""MultiPoint"",""coordinates"":[]}"
35_0_20,1942.9833285043005,classification_2020,46,Coffe,"{""type"":""MultiPoint"",""coordinates"":[]}"
35_0_21,6.73244572772217,classification_2020,48,Other Perennial Crops,"{""type"":""MultiPoint"",""coordinates"":[]}"
35_0_22,52.5962951081548,classification_2020,49,Wooded Sandbank Vegetation,"{""type"":""MultiPoint"",""coordinates"":[]}"
35_0_23,187.76388787102707,classification_2020,50,Herbaceous Sandbank Vegetation,"{""type"":""MultiPoint"",""coordinates"":[]}"
36_0_0,0.045612843688964844,classification_2021,0,Non Observed,"{""type"":""MultiPoint"",""coordinates"":[]}"
36_0_1,26346.934865369465,classification_2021,3,Forest Formation,"{""type"":""MultiPoint"",""coordinates"":[]}"
36_0_2,746.194701832265,classification_2021,4,Savanna Formation,"{""type"":""MultiPoint"",""coordinates"":[]}"
36_0_3,5.582804210266075,classification_2021,5,Magrove,"{""type"":""MultiPoint"",""coordinates"":[]}"
36_0_4,2427.862499430615,classification_2021,9,Forest Plantation,"{""type"":""MultiPoint"",""coordinates"":[]}"
36_0_5,327.26984226887697,classification_2021,11,Wetland,"{""type"":""MultiPoint"",""coordinates"":[]}"
36_0_6,273.1340558479064,classification_2021,12,"Grassland (Pastizal, Formación Herbácea)","{""type"":""MultiPoint"",""coordinates"":[]}"
36_0_7,5.923585370849617,classification_2021,13,Other Non Forest Natural Formation,"{""type"":""MultiPoint"",""coordinates"":[]}"
36_0_8,36410.008342503745,classification_2021,15,Pasture,"{""type"":""MultiPoint"",""coordinates"":[]}"
36_0_9,0.47393102124023495,classification_2021,20,Sugar Cane,"{""type"":""MultiPoint"",""coordinates"":[]}"
36_0_10,15297.910975966759,classification_2021,21,Mosaic of Agriculture and Pasture,"{""type"":""MultiPoint"",""coordinates"":[]}"
36_0_11,23.502384159869028,classification_2021,23,Beach and Dune,"{""type"":""MultiPoint"",""coordinates"":[]}"
36_0_12,554.2580211867054,classification_2021,24,Urban Infrastructure,"{""type"":""MultiPoint"",""coordinates"":[]}"
36_0_13,105.71448816675883,classification_2021,25,Other Non Vegetated Area,"{""type"":""MultiPoint"",""coordinates"":[]}"
36_0_14,1121.8135908041922,classification_2021,29,Rocky outcrop,"{""type"":""MultiPoint"",""coordinates"":[]}"
36_0_15,185.32970861456317,classification_2021,30,Mining,"{""type"":""MultiPoint"",""coordinates"":[]}"
36_0_16,0.7389229954833986,classification_2021,32,Salt flat,"{""type"":""MultiPoint"",""coordinates"":[]}"
36_0_17,656.9172195205615,classification_2021,33,"River, Lake and Ocean","{""type"":""MultiPoint"",""coordinates"":[]}"
36_0_18,0.11536269049072265,classification_2021,39,Soy Beans,"{""type"":""MultiPoint"",""coordinates"":[]}"
36_0_19,120.26078234539791,classification_2021,41,Mosaic of Crops,"{""type"":""MultiPoint"",""coordinates"":[]}"
36_0_20,1941.3428118822883,classification_2021,46,Coffe,"{""type"":""MultiPoint"",""coordinates"":[]}"
36_0_21,6.739816995666507,classification_2021,48,Other Perennial Crops,"{""type"":""MultiPoint"",""coordinates"":[]}"
36_0_22,58.48733492340094,classification_2021,49,Wooded Sandbank Vegetation,"{""type"":""MultiPoint"",""coordinates"":[]}"
36_0_23,199.11774681127838,classification_2021,50,Herbaceous Sandbank Vegetation,"{""type"":""MultiPoint"",""coordinates"":[]}"
